Hour,Demand_kW
1,0.475
2,0.379
3,0.497
4,0.631
5,0.381
6,0.431
7,0.817
8,0.843
9,0.73
10,0.809
11,0.51
12,0.398
13,0.459
14,0.2
15,0.208
16,0.478
17,0.574
18,0.984
19,0.988
20,0.989
21,1.344
22,0.903
23,0.736
24,0.348
25,0.318
26,0.417
27,0.228
28,0.459
29,0.326
30,0.422
31,0.489
32,1.005
33,0.798
34,0.569
35,0.703
36,0.284
37,0.454
38,0.2
39,0.267
40,0.591
41,0.836
42,0.962
43,1.107
44,1.155
45,0.902
46,0.829
47,0.656
48,0.72
49,0.452
50,0.2
51,0.449
52,0.345
53,0.315
54,0.558
55,0.734
56,0.867
57,0.674
58,0.681
59,0.63
60,0.614
61,0.351
62,0.397
63,0.3
64,0.383
65,0.848
66,1.14
67,1.114
68,1.351
69,1.178
70,0.84
71,0.78
72,0.792
73,0.395
74,0.635
75,0.2
76,0.526
77,0.429
78,0.421
79,0.593
80,0.429
81,0.767
82,0.781
83,0.802
84,0.39
85,0.301
86,0.35
87,0.604
88,0.611
89,0.646
90,1.014
91,1.139
92,1.346
93,1.019
94,0.887
95,0.667
96,0.342
97,0.444
98,0.439
99,0.401
100,0.368
101,0.204
102,0.403
103,0.528
104,0.607
105,0.776
106,0.788
107,0.863
108,0.494
109,0.461
110,0.414
111,0.2
112,0.558
113,0.735
114,1.306
115,1.096
116,1.246
117,1.119
118,0.761
119,0.897
120,0.674
121,0.519
122,0.264
123,0.611
124,0.2
125,0.504
126,0.795
127,0.431
128,0.643
129,0.815
130,0.652
131,0.347
132,0.478
133,0.263
134,0.496
135,0.328
136,0.795
137,0.608
138,0.889
139,1.247
140,1.016
141,1.158
142,1.133
143,0.484
144,0.589
145,0.439
146,0.517
147,0.215
148,0.205
149,0.495
150,0.511
151,0.617
152,0.779
153,0.698
154,0.762
155,0.624
156,0.36
157,0.702
158,0.496
159,0.288
160,0.661
161,0.58
162,1.055
163,1.298
164,1.078
165,1.269
166,0.999
167,0.849
168,0.846
169,0.363
170,0.287
171,0.267
172,0.28
173,0.405
174,0.517
175,0.621
176,0.852
177,0.802
178,0.946
179,0.54
180,0.876
181,0.516
182,0.296
183,0.306
184,0.635
185,0.692
186,1.044
187,1.196
188,1.19
189,0.997
190,0.709
191,0.659
192,0.69
193,0.432
194,0.213
195,0.426
196,0.46
197,0.284
198,0.489
199,0.588
200,0.556
201,0.854
202,0.812
203,0.743
204,0.626
205,0.216
206,0.284
207,0.544
208,0.639
209,0.803
210,1.515
211,1.21
212,1.371
213,1.268
214,1.034
215,0.678
216,0.676
217,0.284
218,0.364
219,0.327
220,0.415
221,0.764
222,0.2
223,0.683
224,0.486
225,0.729
226,0.891
227,0.59
228,0.306
229,0.315
230,0.527
231,0.357
232,0.595
233,0.733
234,0.839
235,1.446
236,1.296
237,0.821
238,0.965
239,0.626
240,0.69
241,0.281
242,0.383
243,0.476
244,0.533
245,0.236
246,0.416
247,0.508
248,0.629
249,1.065
250,0.788
251,0.391
252,0.605
253,0.741
254,0.58
255,0.239
256,0.49
257,0.916
258,0.831
259,1.191
260,1.317
261,0.985
262,0.928
263,0.239
264,0.408
265,0.362
266,0.213
267,0.645
268,0.2
269,0.35
270,0.486
271,0.796
272,0.512
273,0.974
274,0.729
275,0.433
276,0.537
277,0.452
278,0.335
279,0.477
280,0.505
281,0.743
282,1.037
283,1.363
284,1.015
285,1.445
286,0.644
287,0.703
288,0.65
289,0.442
290,0.307
291,0.369
292,0.329
293,0.328
294,0.594
295,0.633
296,0.624
297,0.935
298,0.774
299,0.702
300,0.562
301,0.298
302,0.341
303,0.579
304,0.654
305,0.723
306,0.955
307,1.317
308,1.112
309,1.207
310,0.906
311,0.693
312,0.727
313,0.524
314,0.522
315,0.596
316,0.406
317,0.519
318,0.42
319,0.628
320,0.708
321,0.815
322,0.817
323,0.457
324,0.782
325,0.272
326,0.243
327,0.64
328,0.681
329,0.82
330,1.032
331,1.123
332,1.066
333,1.136
334,0.835
335,0.872
336,0.54
337,0.276
338,0.352
339,0.462
340,0.318
341,0.293
342,0.503
343,0.616
344,0.651
345,0.729
346,0.762
347,0.363
348,0.257
349,0.315
350,0.393
351,0.513
352,0.784
353,0.855
354,0.914
355,1.122
356,1.051
357,1.122
358,0.894
359,0.774
360,0.438
361,0.478
362,0.63
363,0.384
364,0.463
365,0.52
366,0.406
367,0.613
368,0.729
369,0.815
370,0.612
371,0.584
372,0.542
373,0.64
374,0.569
375,0.79
376,0.448
377,0.858
378,0.965
379,1.454
380,1.08
381,0.999
382,0.847
383,0.407
384,0.483
385,0.286
386,0.423
387,0.452
388,0.684
389,0.559
390,0.38
391,0.445
392,0.801
393,0.602
394,1.002
395,0.757
396,0.397
397,0.2
398,0.628
399,0.45
400,0.749
401,0.488
402,0.848
403,1.126
404,1.208
405,1.057
406,1.03
407,0.566
408,0.54
409,0.418
410,0.477
411,0.507
412,0.234
413,0.2
414,0.658
415,0.63
416,0.615
417,1.033
418,0.745
419,0.757
420,0.478
421,0.732
422,0.689
423,0.43
424,0.709
425,0.824
426,1.143
427,0.981
428,1.304
429,1.284
430,0.673
431,0.548
432,0.256
433,0.36
434,0.508
435,0.626
436,0.414
437,0.661
438,0.259
439,0.324
440,0.719
441,0.858
442,0.723
443,0.27
444,0.454
445,0.227
446,0.526
447,0.522
448,0.422
449,0.65
450,0.779
451,1.116
452,1.345
453,0.977
454,1.013
455,0.646
456,0.443
457,0.384
458,0.245
459,0.317
460,0.223
461,0.711
462,0.471
463,0.475
464,0.76
465,0.783
466,0.694
467,0.672
468,0.581
469,0.343
470,0.339
471,0.426
472,0.218
473,0.5
474,1.143
475,1.373
476,1.164
477,1.212
478,0.984
479,1.188
480,0.73
481,0.381
482,0.257
483,0.2
484,0.433
485,0.303
486,0.253
487,0.483
488,0.565
489,1.053
490,0.86
491,0.579
492,0.69
493,0.434
494,0.296
495,0.696
496,0.644
497,0.572
498,0.91
499,0.995
500,0.994
501,1.264
502,1.224
503,0.516
504,0.646
505,0.302
506,0.327
507,0.311
508,0.273
509,0.424
510,0.341
511,0.62
512,0.72
513,0.764
514,0.591
515,0.494
516,0.581
517,0.498
518,0.279
519,0.482
520,0.676
521,0.477
522,1.02
523,1.027
524,1.288
525,1.011
526,0.667
527,0.482
528,0.569
529,0.439
530,0.264
531,0.496
532,0.2
533,0.406
534,0.284
535,0.482
536,0.735
537,0.671
538,0.67
539,0.731
540,0.381
541,0.548
542,0.256
543,0.547
544,0.78
545,0.357
546,0.819
547,1.213
548,1.172
549,1.181
550,0.847
551,0.739
552,0.539
553,0.575
554,0.438
555,0.451
556,0.341
557,0.343
558,0.401
559,0.639
560,0.664
561,0.844
562,1.039
563,0.711
564,0.419
565,0.603
566,0.365
567,0.2
568,0.413
569,0.447
570,0.886
571,1.129
572,1.454
573,1.175
574,0.905
575,0.85
576,0.23
577,0.435
578,0.516
579,0.2
580,0.574
581,0.467
582,0.404
583,0.675
584,1.068
585,0.827
586,0.765
587,0.511
588,0.34
589,0.548
590,0.297
591,0.479
592,0.492
593,0.8
594,0.989
595,1.282
596,1.126
597,1.085
598,0.791
599,0.659
600,0.619
601,0.514
602,0.262
603,0.531
604,0.606
605,0.478
606,0.748
607,0.464
608,0.541
609,0.533
610,0.952
611,0.678
612,0.46
613,0.465
614,0.257
615,0.835
616,0.584
617,0.745
618,1.048
619,1.199
620,1.236
621,1.007
622,1.008
623,1.008
624,0.764
625,0.639
626,0.323
627,0.252
628,0.384
629,0.425
630,0.63
631,0.326
632,0.957
633,0.776
634,0.664
635,0.428
636,0.22
637,0.547
638,0.437
639,0.275
640,0.37
641,0.678
642,1.19
643,1.088
644,0.977
645,1.089
646,0.897
647,0.322
648,0.554
649,0.365
650,0.504
651,0.678
652,0.572
653,0.376
654,0.3
655,0.966
656,0.736
657,0.802
658,0.724
659,0.61
660,0.446
661,0.337
662,0.344
663,0.463
664,0.483
665,0.622
666,0.956
667,1.089
668,1.429
669,0.729
670,1.102
671,0.913
672,0.251
673,0.349
674,0.344
675,0.2
676,0.286
677,0.25
678,0.729
679,0.72
680,0.918
681,0.908
682,0.558
683,0.502
684,0.541
685,0.24
686,0.533
687,0.432
688,0.509
689,0.836
690,1.007
691,1.073
692,1.377
693,0.964
694,1.03
695,0.815
696,0.516
697,0.449
698,0.212
699,0.539
700,0.375
701,0.338
702,0.623
703,0.474
704,0.516
705,0.567
706,0.819
707,0.388
708,0.731
709,0.2
710,0.681
711,0.5
712,0.55
713,0.648
714,1.0
715,1.122
716,1.369
717,1.144
718,0.961
719,0.672
720,0.554
721,0.446
722,0.2
723,0.2
724,0.514
725,0.442
726,0.439
727,0.583
728,0.78
729,0.719
730,0.611
731,0.61
732,0.321
733,0.485
734,0.2
735,0.623
736,0.636
737,0.768
738,1.088
739,1.378
740,1.356
741,0.851
742,0.746
743,0.633
744,0.566
745,0.478
746,0.291
747,0.428
748,0.289
749,0.325
750,0.255
751,0.441
752,0.525
753,0.654
754,0.886
755,0.438
756,0.863
757,0.498
758,0.454
759,0.34
760,0.671
761,0.644
762,0.959
763,1.513
764,1.19
765,1.299
766,0.833
767,0.721
768,0.828
769,0.306
770,0.672
771,0.506
772,0.318
773,0.511
774,0.612
775,0.673
776,0.492
777,0.691
778,0.691
779,0.569
780,0.561
781,0.45
782,0.227
783,0.526
784,0.657
785,0.814
786,1.104
787,1.254
788,1.273
789,1.117
790,0.689
791,0.791
792,0.594
793,0.441
794,0.209
795,0.238
796,0.561
797,0.41
798,0.568
799,0.584
800,0.732
801,0.941
802,0.65
803,0.595
804,0.399
805,0.359
806,0.381
807,0.503
808,0.494
809,0.919
810,0.808
811,1.101
812,1.139
813,1.345
814,0.968
815,0.882
816,0.34
817,0.44
818,0.533
819,0.413
820,0.563
821,0.339
822,0.678
823,0.925
824,0.673
825,0.733
826,0.946
827,0.817
828,0.39
829,0.361
830,0.385
831,0.268
832,0.429
833,0.58
834,0.827
835,1.124
836,1.24
837,1.36
838,0.789
839,0.875
840,0.53
841,0.393
842,0.501
843,0.232
844,0.46
845,0.441
846,0.54
847,0.623
848,1.096
849,0.704
850,0.648
851,0.487
852,0.385
853,0.328
854,0.606
855,0.683
856,0.481
857,0.607
858,1.013
859,1.047
860,1.3
861,1.158
862,0.712
863,0.959
864,0.832
865,0.308
866,0.342
867,0.443
868,0.453
869,0.515
870,0.768
871,0.553
872,0.608
873,0.593
874,0.618
875,0.576
876,0.738
877,0.347
878,0.461
879,0.468
880,0.745
881,1.111
882,0.864
883,1.057
884,1.362
885,1.231
886,1.216
887,0.815
888,0.509
889,0.489
890,0.566
891,0.523
892,0.479
893,0.576
894,0.642
895,0.787
896,0.825
897,0.775
898,0.75
899,0.762
900,0.346
901,0.48
902,0.369
903,0.475
904,0.759
905,0.761
906,0.951
907,0.927
908,1.318
909,1.225
910,1.264
911,0.681
912,0.596
913,0.437
914,0.637
915,0.386
916,0.445
917,0.507
918,0.494
919,0.513
920,0.757
921,0.961
922,0.574
923,0.601
924,0.364
925,0.604
926,0.2
927,0.387
928,0.625
929,0.968
930,0.934
931,1.048
932,1.489
933,0.912
934,0.61
935,0.794
936,0.488
937,0.247
938,0.506
939,0.437
940,0.318
941,0.224
942,0.597
943,0.677
944,0.713
945,1.077
946,0.567
947,0.352
948,0.365
949,0.418
950,0.465
951,0.435
952,0.621
953,0.546
954,1.161
955,1.12
956,1.375
957,1.181
958,1.009
959,0.813
960,0.63
961,0.496
962,0.599
963,0.43
964,0.509
965,0.403
966,0.682
967,0.478
968,0.998
969,0.794
970,0.513
971,0.6
972,0.367
973,0.551
974,0.331
975,0.405
976,0.285
977,0.666
978,0.582
979,0.895
980,1.322
981,1.248
982,1.004
983,0.583
984,0.556
985,0.399
986,0.226
987,0.626
988,0.534
989,0.383
990,0.47
991,0.611
992,0.421
993,0.763
994,0.626
995,0.431
996,0.427
997,0.695
998,0.525
999,0.386
1000,0.655
1001,0.944
1002,1.085
1003,1.142
1004,1.111
1005,1.235
1006,1.0
1007,0.862
1008,0.658
1009,0.557
1010,0.32
1011,0.598
1012,0.432
1013,0.728
1014,0.363
1015,0.84
1016,0.757
1017,0.702
1018,0.655
1019,0.533
1020,0.533
1021,0.504
1022,0.343
1023,0.469
1024,0.891
1025,0.994
1026,1.012
1027,1.139
1028,1.227
1029,1.223
1030,0.788
1031,0.69
1032,0.313
1033,0.46
1034,0.497
1035,0.328
1036,0.639
1037,0.232
1038,0.246
1039,0.613
1040,0.885
1041,1.053
1042,0.659
1043,0.743
1044,0.463
1045,0.399
1046,0.562
1047,0.571
1048,0.334
1049,0.957
1050,1.154
1051,1.041
1052,1.268
1053,1.205
1054,0.98
1055,0.646
1056,0.463
1057,0.396
1058,0.576
1059,0.482
1060,0.347
1061,0.532
1062,0.2
1063,0.752
1064,0.467
1065,0.746
1066,0.56
1067,0.387
1068,0.643
1069,0.355
1070,0.482
1071,0.466
1072,0.643
1073,0.748
1074,0.756
1075,1.285
1076,1.136
1077,0.898
1078,0.877
1079,0.954
1080,0.691
1081,0.348
1082,0.348
1083,0.352
1084,0.714
1085,0.474
1086,0.531
1087,0.734
1088,0.763
1089,0.761
1090,0.699
1091,0.57
1092,0.464
1093,0.535
1094,0.438
1095,0.584
1096,0.56
1097,0.749
1098,0.649
1099,1.273
1100,1.262
1101,1.282
1102,0.508
1103,1.042
1104,0.543
1105,0.566
1106,0.244
1107,0.492
1108,0.245
1109,0.323
1110,0.753
1111,0.551
1112,0.76
1113,0.931
1114,0.802
1115,0.604
1116,0.524
1117,0.787
1118,0.422
1119,0.505
1120,0.73
1121,0.904
1122,1.128
1123,1.233
1124,1.04
1125,1.378
1126,0.77
1127,0.775
1128,0.451
1129,0.39
1130,0.449
1131,0.449
1132,0.466
1133,0.658
1134,0.534
1135,0.543
1136,0.872
1137,0.979
1138,0.544
1139,0.671
1140,0.575
1141,0.382
1142,0.637
1143,0.453
1144,0.592
1145,0.713
1146,0.953
1147,0.973
1148,0.996
1149,1.372
1150,0.816
1151,0.581
1152,0.241
1153,0.304
1154,0.202
1155,0.647
1156,0.554
1157,0.313
1158,0.804
1159,0.727
1160,0.679
1161,0.425
1162,1.072
1163,0.373
1164,0.223
1165,0.58
1166,0.797
1167,0.683
1168,0.659
1169,0.829
1170,1.08
1171,1.252
1172,1.255
1173,1.149
1174,0.934
1175,0.617
1176,0.522
1177,0.2
1178,0.385
1179,0.252
1180,0.237
1181,0.443
1182,0.675
1183,0.718
1184,0.492
1185,0.652
1186,0.869
1187,0.434
1188,0.436
1189,0.509
1190,0.287
1191,0.492
1192,0.375
1193,0.651
1194,1.001
1195,0.9
1196,1.279
1197,1.131
1198,1.027
1199,0.764
1200,0.769
1201,0.419
1202,0.336
1203,0.419
1204,0.484
1205,0.424
1206,0.472
1207,0.474
1208,0.628
1209,0.59
1210,0.991
1211,0.395
1212,0.366
1213,0.319
1214,0.567
1215,0.433
1216,0.763
1217,0.641
1218,0.995
1219,1.015
1220,1.536
1221,0.957
1222,0.991
1223,0.825
1224,0.627
1225,0.372
1226,0.381
1227,0.407
1228,0.381
1229,0.561
1230,0.798
1231,0.496
1232,0.522
1233,0.787
1234,1.115
1235,0.461
1236,0.716
1237,0.679
1238,0.35
1239,0.563
1240,0.821
1241,0.686
1242,0.924
1243,1.054
1244,1.063
1245,1.038
1246,0.761
1247,0.736
1248,0.449
1249,0.435
1250,0.2
1251,0.45
1252,0.528
1253,0.2
1254,0.522
1255,0.764
1256,0.546
1257,1.051
1258,0.791
1259,0.476
1260,0.462
1261,0.512
1262,0.445
1263,0.559
1264,0.439
1265,0.769
1266,0.744
1267,1.126
1268,1.081
1269,1.026
1270,1.131
1271,0.895
1272,0.656
1273,0.236
1274,0.353
1275,0.582
1276,0.424
1277,0.764
1278,0.525
1279,0.609
1280,0.681
1281,0.82
1282,0.705
1283,0.688
1284,0.614
1285,0.31
1286,0.234
1287,0.204
1288,0.655
1289,0.58
1290,0.634
1291,1.202
1292,1.591
1293,1.136
1294,1.072
1295,0.744
1296,0.55
1297,0.538
1298,0.356
1299,0.44
1300,0.451
1301,0.316
1302,0.615
1303,0.554
1304,0.614
1305,0.881
1306,0.594
1307,0.586
1308,0.47
1309,0.591
1310,0.506
1311,0.476
1312,0.702
1313,0.955
1314,1.042
1315,1.147
1316,1.022
1317,0.978
1318,0.901
1319,0.64
1320,0.537
1321,0.408
1322,0.479
1323,0.39
1324,0.476
1325,0.426
1326,0.2
1327,0.439
1328,0.706
1329,0.619
1330,0.818
1331,0.812
1332,0.654
1333,0.397
1334,0.659
1335,0.503
1336,0.53
1337,0.656
1338,0.915
1339,1.088
1340,1.245
1341,1.163
1342,0.947
1343,0.798
1344,0.744
1345,0.542
1346,0.2
1347,0.2
1348,0.543
1349,0.211
1350,0.432
1351,0.404
1352,0.457
1353,0.882
1354,0.842
1355,0.496
1356,0.2
1357,0.347
1358,0.495
1359,0.26
1360,0.61
1361,0.747
1362,1.048
1363,1.166
1364,1.075
1365,1.32
1366,0.924
1367,0.728
1368,0.426
1369,0.334
1370,0.267
1371,0.374
1372,0.659
1373,0.211
1374,0.224
1375,0.8
1376,0.696
1377,0.7
1378,0.885
1379,0.491
1380,0.746
1381,0.532
1382,0.363
1383,0.806
1384,0.492
1385,0.862
1386,1.008
1387,1.345
1388,1.456
1389,1.146
1390,0.835
1391,0.802
1392,0.464
1393,0.702
1394,0.421
1395,0.346
1396,0.43
1397,0.214
1398,0.32
1399,0.76
1400,0.629
1401,0.643
1402,0.809
1403,0.76
1404,0.58
1405,0.58
1406,0.324
1407,0.271
1408,0.81
1409,0.704
1410,0.927
1411,1.35
1412,1.307
1413,1.211
1414,1.274
1415,0.637
1416,0.705
1417,0.409
1418,0.44
1419,0.63
1420,0.479
1421,0.497
1422,0.627
1423,0.525
1424,0.602
1425,0.644
1426,0.434
1427,0.891
1428,0.307
1429,0.398
1430,0.396
1431,0.531
1432,0.708
1433,0.883
1434,0.879
1435,1.128
1436,1.267
1437,1.106
1438,1.191
1439,0.808
1440,0.677
1441,0.499
1442,0.576
1443,0.427
1444,0.208
1445,0.476
1446,0.368
1447,0.501
1448,0.816
1449,0.986
1450,0.732
1451,0.629
1452,0.728
1453,0.467
1454,0.829
1455,0.571
1456,0.323
1457,0.869
1458,1.025
1459,1.348
1460,1.327
1461,1.124
1462,0.767
1463,0.703
1464,0.439
1465,0.313
1466,0.488
1467,0.651
1468,0.462
1469,0.237
1470,0.533
1471,0.759
1472,0.636
1473,0.78
1474,0.731
1475,0.465
1476,0.57
1477,0.414
1478,0.503
1479,0.354
1480,0.524
1481,0.866
1482,0.914
1483,1.415
1484,1.168
1485,1.179
1486,1.092
1487,0.522
1488,0.303
1489,0.2
1490,0.589
1491,0.318
1492,0.786
1493,0.332
1494,0.494
1495,0.811
1496,1.029
1497,1.11
1498,0.91
1499,0.737
1500,0.562
1501,0.549
1502,0.358
1503,0.366
1504,0.59
1505,0.734
1506,0.904
1507,1.263
1508,1.373
1509,1.16
1510,1.174
1511,0.564
1512,0.539
1513,0.292
1514,0.2
1515,0.388
1516,0.384
1517,0.643
1518,0.561
1519,0.426
1520,1.006
1521,0.984
1522,0.816
1523,0.549
1524,0.33
1525,0.377
1526,0.605
1527,0.773
1528,0.824
1529,0.688
1530,0.806
1531,1.181
1532,0.966
1533,1.197
1534,0.931
1535,0.666
1536,0.329
1537,0.477
1538,0.32
1539,0.225
1540,0.2
1541,0.412
1542,0.732
1543,0.829
1544,0.659
1545,0.71
1546,0.799
1547,0.434
1548,0.519
1549,0.549
1550,0.627
1551,0.477
1552,0.564
1553,0.632
1554,0.853
1555,1.128
1556,1.288
1557,1.287
1558,0.834
1559,0.961
1560,0.528
1561,0.397
1562,0.288
1563,0.2
1564,0.535
1565,0.527
1566,0.424
1567,0.59
1568,0.805
1569,0.566
1570,0.65
1571,0.703
1572,0.286
1573,0.478
1574,0.24
1575,0.563
1576,0.591
1577,0.524
1578,1.154
1579,1.054
1580,1.114
1581,1.181
1582,1.128
1583,0.585
1584,0.578
1585,0.464
1586,0.504
1587,0.427
1588,0.348
1589,0.292
1590,0.479
1591,0.419
1592,0.29
1593,0.866
1594,0.865
1595,0.229
1596,0.323
1597,0.528
1598,0.753
1599,0.498
1600,0.489
1601,0.741
1602,1.188
1603,1.07
1604,1.117
1605,1.081
1606,0.814
1607,0.757
1608,0.813
1609,0.448
1610,0.362
1611,0.357
1612,0.2
1613,0.549
1614,0.454
1615,0.553
1616,1.207
1617,0.846
1618,0.617
1619,0.52
1620,0.648
1621,0.453
1622,0.23
1623,0.634
1624,0.5
1625,1.052
1626,1.146
1627,1.102
1628,1.432
1629,1.165
1630,1.086
1631,0.812
1632,0.443
1633,0.303
1634,0.555
1635,0.35
1636,0.342
1637,0.273
1638,0.53
1639,0.889
1640,0.568
1641,0.805
1642,0.941
1643,0.572
1644,0.544
1645,0.277
1646,0.511
1647,0.47
1648,0.751
1649,0.951
1650,1.375
1651,1.259
1652,1.291
1653,1.186
1654,0.906
1655,0.791
1656,0.526
1657,0.425
1658,0.598
1659,0.249
1660,0.574
1661,0.614
1662,0.448
1663,0.262
1664,0.637
1665,0.995
1666,0.726
1667,0.435
1668,0.4
1669,0.564
1670,0.53
1671,0.464
1672,0.55
1673,0.717
1674,0.851
1675,1.417
1676,1.196
1677,1.341
1678,1.189
1679,0.891
1680,0.506
1681,0.461
1682,0.396
1683,0.265
1684,0.451
1685,0.239
1686,0.644
1687,0.51
1688,0.758
1689,0.843
1690,0.691
1691,0.673
1692,0.405
1693,0.569
1694,0.248
1695,0.521
1696,0.899
1697,0.629
1698,0.891
1699,1.255
1700,1.273
1701,1.213
1702,1.035
1703,0.837
1704,0.737
1705,0.461
1706,0.364
1707,0.501
1708,0.688
1709,0.396
1710,0.32
1711,0.746
1712,0.71
1713,0.475
1714,0.857
1715,0.505
1716,0.464
1717,0.489
1718,0.48
1719,0.61
1720,0.545
1721,0.859
1722,0.957
1723,1.292
1724,1.341
1725,1.022
1726,1.126
1727,0.662
1728,0.693
1729,0.455
1730,0.676
1731,0.367
1732,0.35
1733,0.413
1734,0.421
1735,0.7
1736,0.485
1737,0.643
1738,0.57
1739,0.728
1740,0.734
1741,0.424
1742,0.427
1743,0.516
1744,0.787
1745,0.646
1746,1.035
1747,1.33
1748,1.327
1749,1.193
1750,1.115
1751,0.338
1752,0.674
1753,0.302
1754,0.2
1755,0.477
1756,0.609
1757,0.396
1758,0.609
1759,0.822
1760,0.925
1761,1.047
1762,0.842
1763,0.597
1764,0.238
1765,0.404
1766,0.328
1767,0.834
1768,0.589
1769,0.807
1770,1.086
1771,1.194
1772,1.509
1773,1.073
1774,0.996
1775,0.633
1776,0.375
1777,0.308
1778,0.394
1779,0.336
1780,0.299
1781,0.205
1782,0.454
1783,0.354
1784,0.842
1785,0.814
1786,0.512
1787,0.54
1788,0.366
1789,0.49
1790,0.657
1791,0.229
1792,0.636
1793,0.768
1794,1.107
1795,1.223
1796,1.145
1797,1.121
1798,0.849
1799,0.907
1800,0.576
1801,0.685
1802,0.391
1803,0.294
1804,0.2
1805,0.2
1806,0.229
1807,0.62
1808,0.804
1809,0.564
1810,0.865
1811,0.514
1812,0.502
1813,0.685
1814,0.592
1815,0.473
1816,0.488
1817,0.473
1818,0.903
1819,1.163
1820,1.113
1821,1.152
1822,0.981
1823,0.713
1824,0.476
1825,0.425
1826,0.466
1827,0.237
1828,0.614
1829,0.402
1830,0.469
1831,0.686
1832,0.763
1833,0.944
1834,0.774
1835,0.495
1836,0.534
1837,0.273
1838,0.476
1839,0.511
1840,0.594
1841,0.78
1842,0.732
1843,1.116
1844,1.278
1845,1.198
1846,0.818
1847,0.938
1848,0.445
1849,0.545
1850,0.464
1851,0.303
1852,0.669
1853,0.237
1854,0.604
1855,0.73
1856,0.627
1857,1.01
1858,0.693
1859,0.63
1860,0.52
1861,0.425
1862,0.583
1863,0.637
1864,0.366
1865,0.999
1866,0.769
1867,1.357
1868,1.437
1869,1.013
1870,0.912
1871,0.583
1872,0.543
1873,0.354
1874,0.517
1875,0.597
1876,0.612
1877,0.332
1878,0.435
1879,0.327
1880,0.607
1881,0.946
1882,0.973
1883,0.402
1884,0.393
1885,0.443
1886,0.505
1887,0.4
1888,0.696
1889,0.737
1890,1.021
1891,1.289
1892,1.272
1893,1.114
1894,0.959
1895,0.737
1896,0.521
1897,0.361
1898,0.64
1899,0.484
1900,0.358
1901,0.521
1902,0.416
1903,0.756
1904,0.784
1905,0.785
1906,0.798
1907,0.352
1908,0.313
1909,0.269
1910,0.487
1911,0.784
1912,0.971
1913,0.908
1914,1.103
1915,0.941
1916,1.194
1917,1.064
1918,0.885
1919,0.727
1920,0.506
1921,0.2
1922,0.512
1923,0.239
1924,0.439
1925,0.727
1926,0.328
1927,0.2
1928,0.685
1929,0.967
1930,1.025
1931,0.404
1932,0.558
1933,0.38
1934,0.452
1935,0.924
1936,0.415
1937,0.855
1938,1.103
1939,1.378
1940,1.294
1941,1.232
1942,0.921
1943,0.793
1944,0.526
1945,0.493
1946,0.345
1947,0.457
1948,0.398
1949,0.585
1950,0.458
1951,0.314
1952,0.917
1953,0.666
1954,0.634
1955,0.499
1956,0.69
1957,0.2
1958,0.94
1959,0.689
1960,0.678
1961,0.813
1962,1.08
1963,1.299
1964,1.38
1965,1.272
1966,0.996
1967,0.725
1968,0.556
1969,0.371
1970,0.57
1971,0.489
1972,0.2
1973,0.515
1974,0.495
1975,0.577
1976,0.67
1977,0.97
1978,0.874
1979,0.473
1980,0.546
1981,0.307
1982,0.265
1983,0.439
1984,0.778
1985,0.969
1986,1.12
1987,1.334
1988,1.365
1989,1.096
1990,1.049
1991,0.876
1992,0.692
1993,0.578
1994,0.506
1995,0.453
1996,0.563
1997,0.412
1998,0.334
1999,0.556
2000,0.616
2001,0.701
2002,0.71
2003,0.471
2004,0.44
2005,0.2
2006,0.506
2007,0.537
2008,0.53
2009,0.93
2010,1.189
2011,0.989
2012,1.178
2013,1.08
2014,0.846
2015,0.882
2016,0.551
2017,0.36
2018,0.2
2019,0.496
2020,0.217
2021,0.425
2022,0.508
2023,0.784
2024,0.532
2025,0.349
2026,0.76
2027,0.86
2028,0.672
2029,0.487
2030,0.403
2031,0.662
2032,0.511
2033,0.908
2034,1.13
2035,1.395
2036,1.711
2037,1.258
2038,0.913
2039,0.755
2040,0.316
2041,0.296
2042,0.339
2043,0.322
2044,0.426
2045,0.293
2046,0.634
2047,0.58
2048,0.727
2049,0.753
2050,0.756
2051,0.714
2052,0.358
2053,0.359
2054,0.434
2055,0.342
2056,0.539
2057,0.771
2058,1.191
2059,1.281
2060,1.331
2061,1.331
2062,0.972
2063,0.82
2064,0.567
2065,0.44
2066,0.313
2067,0.2
2068,0.383
2069,0.63
2070,0.605
2071,0.725
2072,0.914
2073,0.816
2074,0.762
2075,0.498
2076,0.441
2077,0.551
2078,0.663
2079,0.527
2080,0.6
2081,0.848
2082,1.156
2083,1.031
2084,0.962
2085,1.125
2086,0.812
2087,0.687
2088,0.561
2089,0.332
2090,0.618
2091,0.449
2092,0.448
2093,0.51
2094,0.295
2095,0.736
2096,0.717
2097,0.903
2098,0.572
2099,0.358
2100,0.612
2101,0.517
2102,0.35
2103,0.422
2104,0.841
2105,0.676
2106,1.319
2107,1.119
2108,1.408
2109,1.162
2110,1.088
2111,0.683
2112,0.56
2113,0.406
2114,0.25
2115,0.511
2116,0.326
2117,0.382
2118,0.317
2119,0.2
2120,0.7
2121,1.164
2122,0.851
2123,0.589
2124,0.451
2125,0.466
2126,0.57
2127,0.379
2128,0.845
2129,0.968
2130,1.187
2131,1.326
2132,1.32
2133,1.316
2134,1.09
2135,0.713
2136,0.499
2137,0.415
2138,0.632
2139,0.214
2140,0.2
2141,0.441
2142,0.474
2143,0.606
2144,0.765
2145,0.769
2146,0.957
2147,0.353
2148,0.368
2149,0.449
2150,0.245
2151,0.535
2152,0.933
2153,0.871
2154,1.121
2155,1.078
2156,1.231
2157,1.164
2158,0.956
2159,0.961
2160,0.67
2161,0.233
2162,0.437
2163,0.475
2164,0.574
2165,0.653
2166,0.314
2167,0.458
2168,0.54
2169,0.768
2170,0.804
2171,0.741
2172,0.482
2173,0.419
2174,0.517
2175,0.44
2176,1.003
2177,0.633
2178,1.121
2179,1.577
2180,1.33
2181,1.196
2182,0.954
2183,0.744
2184,0.794
2185,0.2
2186,0.63
2187,0.2
2188,0.363
2189,0.352
2190,0.555
2191,0.34
2192,0.798
2193,1.106
2194,0.53
2195,0.622
2196,0.395
2197,0.533
2198,0.501
2199,0.474
2200,0.769
2201,1.152
2202,1.072
2203,1.389
2204,1.141
2205,1.086
2206,1.082
2207,0.996
2208,0.642
2209,0.353
2210,0.4
2211,0.213
2212,0.493
2213,0.549
2214,0.398
2215,0.51
2216,0.769
2217,0.737
2218,0.725
2219,0.91
2220,0.459
2221,0.417
2222,0.404
2223,0.687
2224,0.675
2225,0.792
2226,1.307
2227,1.501
2228,1.252
2229,0.954
2230,1.165
2231,0.672
2232,0.709
2233,0.2
2234,0.534
2235,0.219
2236,0.512
2237,0.418
2238,0.323
2239,0.519
2240,0.832
2241,0.819
2242,0.822
2243,0.892
2244,0.262
2245,0.716
2246,0.521
2247,0.446
2248,0.509
2249,0.868
2250,1.255
2251,1.277
2252,1.575
2253,1.022
2254,1.016
2255,0.59
2256,0.646
2257,0.533
2258,0.337
2259,0.2
2260,0.433
2261,0.482
2262,0.527
2263,0.766
2264,0.568
2265,0.905
2266,0.914
2267,0.329
2268,0.546
2269,0.4
2270,0.497
2271,0.638
2272,0.643
2273,0.803
2274,1.13
2275,1.141
2276,1.192
2277,1.347
2278,0.85
2279,0.88
2280,0.663
2281,0.2
2282,0.298
2283,0.579
2284,0.256
2285,0.347
2286,0.536
2287,0.698
2288,0.691
2289,0.714
2290,0.949
2291,0.858
2292,0.647
2293,0.491
2294,0.392
2295,0.467
2296,0.801
2297,0.976
2298,1.344
2299,1.41
2300,1.137
2301,1.408
2302,0.876
2303,0.725
2304,0.632
2305,0.699
2306,0.867
2307,0.491
2308,0.375
2309,0.497
2310,0.599
2311,0.532
2312,0.998
2313,0.838
2314,0.81
2315,0.697
2316,0.564
2317,0.607
2318,0.424
2319,0.513
2320,0.565
2321,0.988
2322,1.26
2323,1.39
2324,1.621
2325,1.256
2326,1.13
2327,0.621
2328,0.538
2329,0.504
2330,0.527
2331,0.356
2332,0.392
2333,0.2
2334,0.413
2335,0.714
2336,0.815
2337,0.879
2338,0.744
2339,0.599
2340,0.404
2341,0.588
2342,0.584
2343,0.677
2344,0.659
2345,0.608
2346,1.317
2347,1.258
2348,1.248
2349,1.367
2350,0.975
2351,0.947
2352,0.69
2353,0.503
2354,0.2
2355,0.582
2356,0.442
2357,0.361
2358,0.488
2359,0.314
2360,0.79
2361,0.649
2362,0.534
2363,0.371
2364,0.671
2365,0.392
2366,0.755
2367,0.529
2368,0.49
2369,0.772
2370,1.348
2371,1.316
2372,1.303
2373,1.293
2374,1.114
2375,0.958
2376,0.817
2377,0.346
2378,0.201
2379,0.338
2380,0.442
2381,0.272
2382,0.323
2383,0.632
2384,0.722
2385,0.809
2386,0.623
2387,0.566
2388,0.367
2389,0.623
2390,0.685
2391,0.339
2392,0.615
2393,0.725
2394,1.075
2395,1.336
2396,1.177
2397,1.137
2398,0.893
2399,0.825
2400,0.611
2401,0.292
2402,0.427
2403,0.318
2404,0.362
2405,0.667
2406,0.667
2407,0.385
2408,0.854
2409,0.926
2410,0.565
2411,0.724
2412,0.738
2413,0.324
2414,0.397
2415,0.775
2416,0.803
2417,1.042
2418,1.234
2419,1.417
2420,1.204
2421,1.439
2422,1.223
2423,0.762
2424,0.596
2425,0.2
2426,0.477
2427,0.486
2428,0.393
2429,0.585
2430,0.416
2431,0.665
2432,0.576
2433,0.801
2434,0.712
2435,0.636
2436,0.454
2437,0.476
2438,0.663
2439,0.564
2440,0.53
2441,1.232
2442,1.401
2443,1.175
2444,1.515
2445,1.213
2446,1.092
2447,0.844
2448,0.569
2449,0.282
2450,0.296
2451,0.263
2452,0.278
2453,0.406
2454,0.359
2455,0.683
2456,0.952
2457,0.718
2458,0.774
2459,0.678
2460,0.582
2461,0.51
2462,0.656
2463,0.709
2464,0.595
2465,1.111
2466,1.338
2467,1.265
2468,1.426
2469,1.398
2470,1.026
2471,0.964
2472,0.961
2473,0.282
2474,0.2
2475,0.446
2476,0.511
2477,0.382
2478,0.684
2479,0.38
2480,0.833
2481,0.714
2482,0.997
2483,0.903
2484,0.398
2485,0.419
2486,0.678
2487,0.585
2488,0.783
2489,0.995
2490,0.928
2491,1.389
2492,1.327
2493,1.229
2494,1.279
2495,0.618
2496,0.73
2497,0.358
2498,0.358
2499,0.519
2500,0.454
2501,0.502
2502,0.612
2503,0.531
2504,0.638
2505,0.642
2506,0.615
2507,1.047
2508,0.702
2509,0.303
2510,0.356
2511,0.723
2512,0.882
2513,1.085
2514,1.19
2515,1.383
2516,1.489
2517,1.324
2518,0.735
2519,0.775
2520,0.483
2521,0.426
2522,0.848
2523,0.455
2524,0.356
2525,0.555
2526,0.539
2527,0.643
2528,0.821
2529,1.114
2530,0.57
2531,0.677
2532,0.378
2533,0.592
2534,0.423
2535,0.596
2536,0.765
2537,1.16
2538,1.378
2539,1.227
2540,1.458
2541,1.212
2542,0.885
2543,0.781
2544,0.566
2545,0.764
2546,0.465
2547,0.2
2548,0.318
2549,0.57
2550,0.78
2551,0.343
2552,0.448
2553,1.086
2554,0.799
2555,0.477
2556,0.599
2557,0.2
2558,0.566
2559,0.716
2560,0.959
2561,0.874
2562,1.266
2563,1.287
2564,1.499
2565,1.193
2566,1.018
2567,0.667
2568,0.712
2569,0.529
2570,0.365
2571,0.406
2572,0.2
2573,0.371
2574,0.459
2575,0.974
2576,0.563
2577,1.025
2578,0.89
2579,0.65
2580,0.785
2581,0.572
2582,0.63
2583,0.667
2584,1.014
2585,1.203
2586,1.172
2587,1.24
2588,1.441
2589,1.215
2590,1.076
2591,1.006
2592,0.548
2593,0.394
2594,0.409
2595,0.528
2596,0.2
2597,0.325
2598,0.498
2599,0.761
2600,0.656
2601,0.524
2602,0.834
2603,0.514
2604,0.345
2605,0.426
2606,0.55
2607,0.593
2608,0.511
2609,1.186
2610,1.471
2611,1.549
2612,1.311
2613,1.314
2614,1.091
2615,0.914
2616,0.719
2617,0.29
2618,0.412
2619,0.469
2620,0.621
2621,0.522
2622,0.585
2623,0.593
2624,0.941
2625,0.868
2626,0.613
2627,0.821
2628,0.631
2629,0.457
2630,0.512
2631,0.737
2632,0.923
2633,1.094
2634,1.34
2635,1.719
2636,1.654
2637,1.381
2638,1.239
2639,0.674
2640,0.681
2641,0.671
2642,0.367
2643,0.273
2644,0.305
2645,0.253
2646,0.349
2647,0.525
2648,0.519
2649,0.809
2650,0.878
2651,0.476
2652,0.756
2653,0.604
2654,0.745
2655,0.603
2656,0.993
2657,0.914
2658,1.441
2659,1.504
2660,1.588
2661,1.186
2662,0.97
2663,0.922
2664,0.481
2665,0.469
2666,0.2
2667,0.528
2668,0.218
2669,0.499
2670,0.56
2671,0.476
2672,0.817
2673,0.846
2674,0.662
2675,0.462
2676,0.236
2677,0.585
2678,0.362
2679,0.725
2680,0.837
2681,1.194
2682,1.277
2683,1.443
2684,1.627
2685,1.422
2686,1.158
2687,0.907
2688,0.396
2689,0.514
2690,0.492
2691,0.248
2692,0.366
2693,0.41
2694,0.446
2695,0.631
2696,0.945
2697,0.969
2698,0.547
2699,0.708
2700,0.733
2701,0.594
2702,0.767
2703,1.023
2704,1.043
2705,1.144
2706,1.495
2707,1.528
2708,1.533
2709,1.328
2710,1.352
2711,0.718
2712,0.858
2713,0.475
2714,0.2
2715,0.455
2716,0.2
2717,0.51
2718,0.599
2719,0.492
2720,0.749
2721,1.1
2722,0.668
2723,0.457
2724,0.758
2725,0.835
2726,0.611
2727,0.882
2728,1.103
2729,1.01
2730,1.281
2731,1.706
2732,1.795
2733,1.476
2734,0.993
2735,1.144
2736,0.551
2737,0.35
2738,0.451
2739,0.633
2740,0.531
2741,0.479
2742,0.536
2743,0.587
2744,0.814
2745,0.428
2746,0.7
2747,0.653
2748,0.366
2749,0.603
2750,0.587
2751,1.004
2752,1.151
2753,1.067
2754,1.347
2755,1.525
2756,1.488
2757,1.431
2758,1.018
2759,0.681
2760,0.727
2761,0.494
2762,0.279
2763,0.535
2764,0.308
2765,0.454
2766,0.59
2767,0.576
2768,0.799
2769,0.73
2770,0.716
2771,0.587
2772,0.429
2773,0.524
2774,0.393
2775,0.678
2776,0.886
2777,1.114
2778,1.35
2779,1.543
2780,1.641
2781,1.543
2782,1.042
2783,0.675
2784,0.48
2785,0.327
2786,0.347
2787,0.285
2788,0.208
2789,0.348
2790,0.494
2791,0.67
2792,0.647
2793,0.746
2794,0.607
2795,0.615
2796,0.417
2797,0.641
2798,0.365
2799,0.708
2800,0.987
2801,1.196
2802,1.807
2803,1.621
2804,1.432
2805,1.408
2806,0.881
2807,0.848
2808,0.514
2809,0.537
2810,0.318
2811,0.383
2812,0.307
2813,0.677
2814,0.418
2815,0.856
2816,0.853
2817,0.881
2818,0.802
2819,0.68
2820,0.258
2821,0.518
2822,0.767
2823,0.766
2824,0.746
2825,1.177
2826,1.676
2827,1.772
2828,1.588
2829,1.576
2830,1.1
2831,0.609
2832,0.504
2833,0.634
2834,0.359
2835,0.364
2836,0.358
2837,0.702
2838,0.71
2839,0.914
2840,0.707
2841,0.853
2842,0.52
2843,0.844
2844,0.374
2845,0.597
2846,0.484
2847,0.696
2848,0.845
2849,1.11
2850,1.357
2851,1.519
2852,1.737
2853,1.279
2854,1.196
2855,1.053
2856,0.568
2857,0.292
2858,0.365
2859,0.577
2860,0.432
2861,0.337
2862,0.539
2863,0.416
2864,0.833
2865,0.87
2866,0.702
2867,0.499
2868,0.42
2869,0.65
2870,0.841
2871,0.7
2872,1.055
2873,0.906
2874,1.368
2875,1.614
2876,1.49
2877,1.316
2878,1.071
2879,0.919
2880,0.62
2881,0.2
2882,0.2
2883,0.309
2884,0.471
2885,0.2
2886,0.392
2887,0.502
2888,0.939
2889,0.752
2890,0.807
2891,0.647
2892,0.236
2893,0.691
2894,0.697
2895,0.884
2896,1.59
2897,0.924
2898,1.733
2899,1.594
2900,1.685
2901,1.462
2902,1.116
2903,0.795
2904,0.701
2905,0.2
2906,0.513
2907,0.338
2908,0.233
2909,0.349
2910,0.655
2911,0.501
2912,0.785
2913,0.7
2914,0.864
2915,0.73
2916,0.836
2917,0.554
2918,0.774
2919,0.835
2920,1.211
2921,1.147
2922,1.605
2923,1.626
2924,1.648
2925,1.495
2926,1.226
2927,0.869
2928,0.687
2929,0.637
2930,0.548
2931,0.531
2932,0.334
2933,0.283
2934,0.61
2935,0.712
2936,0.952
2937,0.719
2938,0.716
2939,0.383
2940,0.503
2941,0.736
2942,0.612
2943,0.928
2944,1.004
2945,1.322
2946,1.341
2947,1.686
2948,1.225
2949,1.465
2950,0.952
2951,1.073
2952,0.774
2953,0.47
2954,0.628
2955,0.258
2956,0.665
2957,0.556
2958,0.431
2959,0.751
2960,0.566
2961,0.687
2962,0.66
2963,0.552
2964,0.407
2965,0.776
2966,0.652
2967,0.898
2968,0.963
2969,1.019
2970,1.574
2971,1.406
2972,1.68
2973,1.301
2974,1.504
2975,1.034
2976,0.677
2977,0.59
2978,0.273
2979,0.482
2980,0.433
2981,0.456
2982,0.657
2983,0.691
2984,0.775
2985,0.562
2986,0.608
2987,0.614
2988,0.583
2989,0.428
2990,1.062
2991,1.085
2992,1.156
2993,1.322
2994,1.522
2995,1.569
2996,1.718
2997,1.558
2998,1.029
2999,0.953
3000,0.641
3001,0.2
3002,0.271
3003,0.338
3004,0.686
3005,0.5
3006,0.266
3007,0.654
3008,0.5
3009,0.973
3010,0.683
3011,0.62
3012,0.771
3013,0.411
3014,0.5
3015,0.784
3016,1.238
3017,1.104
3018,1.15
3019,1.664
3020,1.807
3021,1.713
3022,1.155
3023,0.848
3024,0.841
3025,0.2
3026,0.342
3027,0.429
3028,0.47
3029,0.34
3030,0.472
3031,0.208
3032,0.633
3033,0.879
3034,0.607
3035,0.645
3036,0.643
3037,0.559
3038,0.745
3039,0.74
3040,1.069
3041,1.443
3042,1.619
3043,1.664
3044,1.775
3045,1.653
3046,0.927
3047,1.089
3048,0.621
3049,0.464
3050,0.58
3051,0.2
3052,0.296
3053,0.373
3054,0.349
3055,0.842
3056,0.604
3057,0.728
3058,0.786
3059,0.458
3060,0.52
3061,0.664
3062,0.679
3063,0.885
3064,1.038
3065,1.145
3066,1.666
3067,2.036
3068,1.762
3069,1.594
3070,1.348
3071,0.731
3072,0.93
3073,0.43
3074,0.645
3075,0.29
3076,0.675
3077,0.533
3078,0.55
3079,0.616
3080,0.695
3081,0.992
3082,0.777
3083,0.345
3084,0.415
3085,0.595
3086,0.785
3087,0.904
3088,1.319
3089,1.101
3090,1.661
3091,1.521
3092,1.891
3093,1.56
3094,1.317
3095,0.799
3096,0.871
3097,0.556
3098,0.488
3099,0.381
3100,0.49
3101,0.31
3102,0.595
3103,0.829
3104,0.893
3105,0.703
3106,0.811
3107,0.448
3108,0.672
3109,0.697
3110,0.469
3111,0.753
3112,1.112
3113,1.37
3114,1.481
3115,1.874
3116,1.834
3117,1.56
3118,1.151
3119,1.092
3120,0.931
3121,0.327
3122,0.308
3123,0.474
3124,0.349
3125,0.396
3126,0.578
3127,0.295
3128,0.93
3129,0.824
3130,0.696
3131,0.631
3132,0.585
3133,0.376
3134,0.984
3135,0.948
3136,1.24
3137,1.58
3138,1.532
3139,1.908
3140,1.775
3141,1.73
3142,0.956
3143,0.926
3144,0.596
3145,0.465
3146,0.471
3147,0.294
3148,0.296
3149,0.4
3150,0.332
3151,0.708
3152,0.677
3153,0.377
3154,0.702
3155,0.49
3156,0.349
3157,0.457
3158,0.786
3159,1.156
3160,1.239
3161,1.368
3162,1.777
3163,1.791
3164,1.73
3165,1.445
3166,1.022
3167,0.89
3168,0.714
3169,0.386
3170,0.338
3171,0.258
3172,0.494
3173,0.219
3174,0.583
3175,0.431
3176,0.62
3177,0.594
3178,0.684
3179,0.794
3180,0.675
3181,0.796
3182,0.859
3183,0.806
3184,1.162
3185,1.365
3186,1.932
3187,1.703
3188,1.988
3189,1.768
3190,1.57
3191,0.893
3192,0.801
3193,0.742
3194,0.307
3195,0.2
3196,0.2
3197,0.523
3198,0.2
3199,0.526
3200,0.799
3201,0.842
3202,0.824
3203,0.684
3204,0.794
3205,0.513
3206,0.69
3207,0.871
3208,1.356
3209,1.64
3210,1.825
3211,2.083
3212,1.697
3213,1.899
3214,1.535
3215,1.072
3216,0.965
3217,0.2
3218,0.321
3219,0.29
3220,0.511
3221,0.259
3222,0.58
3223,0.787
3224,0.837
3225,0.857
3226,0.613
3227,0.525
3228,0.794
3229,0.78
3230,0.797
3231,0.94
3232,0.948
3233,1.368
3234,2.068
3235,1.737
3236,1.922
3237,1.816
3238,1.13
3239,0.997
3240,0.843
3241,0.402
3242,0.83
3243,0.2
3244,0.562
3245,0.391
3246,0.583
3247,0.648
3248,0.623
3249,0.849
3250,0.484
3251,0.745
3252,0.655
3253,0.766
3254,0.973
3255,1.074
3256,1.295
3257,1.42
3258,1.7
3259,2.131
3260,2.13
3261,1.645
3262,1.336
3263,0.841
3264,0.882
3265,0.5
3266,0.691
3267,0.269
3268,0.346
3269,0.451
3270,0.564
3271,0.549
3272,0.603
3273,0.948
3274,0.872
3275,0.519
3276,0.818
3277,0.853
3278,0.845
3279,1.047
3280,1.377
3281,1.447
3282,1.837
3283,1.654
3284,2.067
3285,1.463
3286,1.566
3287,0.934
3288,0.679
3289,0.306
3290,0.357
3291,0.613
3292,0.2
3293,0.608
3294,0.518
3295,0.401
3296,0.572
3297,1.067
3298,0.623
3299,0.486
3300,0.789
3301,0.736
3302,0.696
3303,1.084
3304,1.161
3305,1.766
3306,2.017
3307,2.082
3308,2.011
3309,1.978
3310,1.352
3311,0.814
3312,0.782
3313,0.713
3314,0.248
3315,0.346
3316,0.465
3317,0.408
3318,0.319
3319,0.75
3320,1.082
3321,0.846
3322,0.63
3323,0.429
3324,0.662
3325,0.858
3326,0.92
3327,1.068
3328,1.248
3329,1.462
3330,2.01
3331,2.164
3332,1.746
3333,1.969
3334,1.45
3335,1.208
3336,0.518
3337,0.2
3338,0.378
3339,0.476
3340,0.672
3341,0.522
3342,0.43
3343,0.428
3344,0.918
3345,0.672
3346,1.011
3347,0.621
3348,0.866
3349,0.802
3350,0.84
3351,1.007
3352,1.307
3353,1.716
3354,1.923
3355,1.963
3356,1.975
3357,1.759
3358,1.057
3359,1.075
3360,0.577
3361,0.227
3362,0.2
3363,0.2
3364,0.2
3365,0.31
3366,0.76
3367,0.503
3368,0.761
3369,0.877
3370,0.788
3371,0.654
3372,0.453
3373,0.925
3374,1.144
3375,0.85
3376,1.226
3377,1.635
3378,1.793
3379,2.154
3380,1.913
3381,2.089
3382,1.567
3383,1.046
3384,0.882
3385,0.566
3386,0.315
3387,0.278
3388,0.414
3389,0.546
3390,0.488
3391,0.346
3392,0.614
3393,0.807
3394,0.758
3395,0.964
3396,0.428
3397,0.791
3398,1.108
3399,1.461
3400,1.341
3401,1.777
3402,2.051
3403,2.133
3404,2.029
3405,1.848
3406,1.021
3407,1.124
3408,0.752
3409,0.367
3410,0.707
3411,0.299
3412,0.342
3413,0.715
3414,0.342
3415,0.5
3416,0.712
3417,0.944
3418,0.801
3419,0.477
3420,0.561
3421,0.632
3422,0.886
3423,1.201
3424,1.487
3425,1.463
3426,2.152
3427,2.168
3428,2.275
3429,1.866
3430,1.578
3431,1.1
3432,0.939
3433,0.478
3434,0.385
3435,0.741
3436,0.536
3437,0.503
3438,0.275
3439,0.389
3440,0.779
3441,0.841
3442,0.679
3443,0.694
3444,0.884
3445,0.836
3446,0.739
3447,1.138
3448,1.327
3449,1.697
3450,1.959
3451,2.085
3452,1.901
3453,1.798
3454,1.342
3455,0.598
3456,1.05
3457,0.563
3458,0.344
3459,0.403
3460,0.227
3461,0.671
3462,0.752
3463,0.606
3464,0.888
3465,0.845
3466,0.572
3467,0.613
3468,0.67
3469,0.671
3470,0.89
3471,1.159
3472,1.458
3473,1.79
3474,1.89
3475,2.076
3476,1.92
3477,1.982
3478,1.122
3479,1.219
3480,0.955
3481,0.355
3482,0.2
3483,0.346
3484,0.393
3485,0.265
3486,0.39
3487,0.812
3488,0.835
3489,0.681
3490,0.534
3491,0.629
3492,0.623
3493,0.822
3494,0.855
3495,1.268
3496,1.784
3497,1.932
3498,2.07
3499,2.183
3500,2.083
3501,2.031
3502,1.357
3503,1.061
3504,0.759
3505,0.325
3506,0.2
3507,0.449
3508,0.394
3509,0.492
3510,0.387
3511,0.766
3512,0.604
3513,1.077
3514,0.513
3515,0.745
3516,0.731
3517,0.636
3518,1.012
3519,1.401
3520,1.185
3521,1.912
3522,1.732
3523,2.093
3524,2.404
3525,1.785
3526,1.288
3527,1.032
3528,1.066
3529,0.2
3530,0.242
3531,0.625
3532,0.681
3533,0.401
3534,0.281
3535,0.897
3536,0.975
3537,0.923
3538,0.654
3539,0.675
3540,0.64
3541,0.814
3542,1.179
3543,1.36
3544,1.379
3545,2.071
3546,2.182
3547,2.368
3548,2.403
3549,1.724
3550,1.472
3551,0.991
3552,0.526
3553,0.452
3554,0.777
3555,0.2
3556,0.398
3557,0.513
3558,0.485
3559,0.566
3560,0.541
3561,0.856
3562,0.664
3563,0.357
3564,0.848
3565,0.916
3566,0.982
3567,1.281
3568,1.726
3569,1.926
3570,2.3
3571,2.248
3572,2.404
3573,1.957
3574,1.519
3575,0.888
3576,0.809
3577,0.275
3578,0.304
3579,0.278
3580,0.243
3581,0.735
3582,0.667
3583,0.871
3584,0.552
3585,0.832
3586,0.584
3587,0.583
3588,0.536
3589,0.967
3590,0.928
3591,1.426
3592,1.679
3593,2.266
3594,1.972
3595,2.51
3596,2.403
3597,1.782
3598,1.654
3599,1.138
3600,0.736
3601,0.276
3602,0.292
3603,0.708
3604,0.403
3605,0.534
3606,0.348
3607,0.466
3608,0.898
3609,0.62
3610,0.717
3611,0.695
3612,0.696
3613,0.762
3614,1.06
3615,1.388
3616,1.723
3617,1.8
3618,2.18
3619,2.528
3620,2.39
3621,1.741
3622,1.569
3623,0.799
3624,0.782
3625,0.685
3626,0.258
3627,0.275
3628,0.517
3629,0.2
3630,0.372
3631,0.672
3632,0.641
3633,0.787
3634,0.892
3635,0.756
3636,0.724
3637,0.747
3638,1.069
3639,1.284
3640,1.706
3641,1.902
3642,2.225
3643,2.229
3644,2.275
3645,1.844
3646,1.363
3647,1.143
3648,0.812
3649,0.517
3650,0.335
3651,0.462
3652,0.485
3653,0.483
3654,0.343
3655,0.605
3656,0.791
3657,0.824
3658,0.469
3659,0.719
3660,1.021
3661,0.752
3662,0.918
3663,1.378
3664,1.709
3665,2.184
3666,2.094
3667,2.516
3668,2.393
3669,1.963
3670,1.594
3671,1.267
3672,0.916
3673,0.229
3674,0.523
3675,0.391
3676,0.414
3677,0.428
3678,0.445
3679,0.762
3680,0.724
3681,0.656
3682,0.724
3683,0.725
3684,0.878
3685,0.905
3686,0.913
3687,1.714
3688,1.726
3689,2.225
3690,2.29
3691,2.514
3692,2.455
3693,2.187
3694,1.716
3695,1.252
3696,0.743
3697,0.314
3698,0.45
3699,0.54
3700,0.369
3701,0.576
3702,0.685
3703,0.446
3704,0.611
3705,0.803
3706,0.831
3707,0.622
3708,0.902
3709,0.887
3710,1.06
3711,1.145
3712,1.514
3713,2.104
3714,2.023
3715,2.615
3716,2.33
3717,2.51
3718,1.917
3719,1.103
3720,0.779
3721,0.549
3722,0.656
3723,0.2
3724,0.2
3725,0.323
3726,0.555
3727,0.658
3728,0.898
3729,0.645
3730,0.438
3731,0.832
3732,0.579
3733,0.529
3734,1.09
3735,1.499
3736,1.718
3737,2.022
3738,2.349
3739,2.436
3740,2.176
3741,1.935
3742,1.662
3743,1.187
3744,0.825
3745,0.251
3746,0.373
3747,0.2
3748,0.43
3749,0.631
3750,0.246
3751,0.495
3752,0.787
3753,1.013
3754,0.72
3755,0.602
3756,0.413
3757,0.856
3758,1.388
3759,1.441
3760,1.757
3761,2.168
3762,2.402
3763,2.399
3764,2.527
3765,2.096
3766,1.6
3767,1.001
3768,1.001
3769,0.5
3770,0.317
3771,0.551
3772,0.328
3773,0.299
3774,0.353
3775,0.318
3776,0.808
3777,0.551
3778,0.604
3779,0.397
3780,0.701
3781,0.827
3782,1.046
3783,1.262
3784,1.61
3785,2.218
3786,2.351
3787,2.597
3788,2.295
3789,2.108
3790,1.807
3791,1.244
3792,0.748
3793,0.439
3794,0.364
3795,0.402
3796,0.354
3797,0.392
3798,0.499
3799,0.434
3800,0.585
3801,0.618
3802,0.549
3803,0.528
3804,0.743
3805,0.724
3806,1.186
3807,1.443
3808,1.515
3809,2.275
3810,2.586
3811,2.429
3812,2.516
3813,1.972
3814,1.64
3815,0.975
3816,0.546
3817,0.343
3818,0.381
3819,0.341
3820,0.225
3821,0.357
3822,0.508
3823,0.577
3824,0.765
3825,0.726
3826,0.966
3827,0.537
3828,0.797
3829,1.044
3830,1.194
3831,1.427
3832,1.756
3833,2.361
3834,2.281
3835,2.462
3836,2.418
3837,2.305
3838,1.696
3839,1.028
3840,0.774
3841,0.308
3842,0.294
3843,0.547
3844,0.2
3845,0.658
3846,0.592
3847,0.747
3848,0.669
3849,0.805
3850,0.577
3851,0.638
3852,0.803
3853,1.07
3854,0.97
3855,1.421
3856,1.837
3857,2.026
3858,2.613
3859,2.527
3860,2.473
3861,2.071
3862,1.534
3863,1.181
3864,0.793
3865,0.344
3866,0.291
3867,0.448
3868,0.651
3869,0.438
3870,0.617
3871,0.375
3872,0.762
3873,0.663
3874,0.572
3875,0.608
3876,0.913
3877,1.027
3878,1.186
3879,1.266
3880,1.855
3881,2.309
3882,2.581
3883,2.388
3884,2.394
3885,2.149
3886,1.746
3887,0.861
3888,0.806
3889,0.421
3890,0.527
3891,0.504
3892,0.49
3893,0.297
3894,0.2
3895,0.525
3896,0.889
3897,1.038
3898,0.901
3899,0.786
3900,0.796
3901,0.809
3902,1.144
3903,1.765
3904,1.768
3905,2.535
3906,2.537
3907,2.892
3908,2.341
3909,2.265
3910,1.569
3911,0.987
3912,0.868
3913,0.551
3914,0.273
3915,0.2
3916,0.389
3917,0.404
3918,0.55
3919,0.726
3920,0.73
3921,1.107
3922,0.829
3923,0.672
3924,0.502
3925,0.862
3926,1.126
3927,1.678
3928,2.003
3929,2.144
3930,2.641
3931,2.823
3932,2.806
3933,2.33
3934,1.807
3935,1.217
3936,0.898
3937,0.587
3938,0.2
3939,0.348
3940,0.287
3941,0.474
3942,0.652
3943,0.494
3944,0.38
3945,0.768
3946,0.934
3947,0.807
3948,0.813
3949,0.868
3950,0.998
3951,1.63
3952,1.833
3953,2.677
3954,2.73
3955,2.663
3956,2.509
3957,2.202
3958,1.67
3959,1.384
3960,0.873
3961,0.29
3962,0.684
3963,0.408
3964,0.518
3965,0.325
3966,0.522
3967,0.63
3968,0.456
3969,1.132
3970,0.992
3971,0.67
3972,0.588
3973,0.971
3974,1.216
3975,1.625
3976,2.011
3977,2.454
3978,2.892
3979,2.864
3980,2.468
3981,2.439
3982,1.966
3983,1.698
3984,0.682
3985,0.436
3986,0.2
3987,0.483
3988,0.321
3989,0.705
3990,0.351
3991,0.33
3992,0.669
3993,0.534
3994,0.912
3995,0.422
3996,0.763
3997,0.615
3998,1.169
3999,1.837
4000,2.061
4001,2.276
4002,2.699
4003,2.809
4004,2.72
4005,2.048
4006,1.822
4007,0.828
4008,0.76
4009,0.327
4010,0.495
4011,0.404
4012,0.2
4013,0.269
4014,0.497
4015,0.572
4016,0.653
4017,0.759
4018,0.905
4019,0.657
4020,0.75
4021,1.261
4022,1.016
4023,1.332
4024,2.148
4025,2.332
4026,2.686
4027,2.717
4028,2.634
4029,2.512
4030,1.866
4031,1.371
4032,0.647
4033,0.227
4034,0.2
4035,0.279
4036,0.546
4037,0.494
4038,0.434
4039,0.581
4040,0.636
4041,0.862
4042,0.916
4043,0.494
4044,0.813
4045,1.084
4046,1.181
4047,1.733
4048,2.477
4049,2.446
4050,2.821
4051,2.751
4052,2.724
4053,2.36
4054,1.788
4055,1.097
4056,0.896
4057,0.619
4058,0.467
4059,0.545
4060,0.367
4061,0.529
4062,0.509
4063,0.441
4064,0.788
4065,0.683
4066,0.708
4067,0.768
4068,0.817
4069,0.774
4070,1.414
4071,1.732
4072,1.973
4073,2.258
4074,2.77
4075,2.823
4076,2.738
4077,2.255
4078,1.471
4079,1.2
4080,0.823
4081,0.495
4082,0.295
4083,0.652
4084,0.2
4085,0.613
4086,0.434
4087,0.713
4088,0.752
4089,1.004
4090,0.746
4091,0.577
4092,0.991
4093,0.943
4094,1.302
4095,1.85
4096,1.947
4097,2.605
4098,2.731
4099,2.897
4100,2.755
4101,2.102
4102,1.668
4103,1.469
4104,1.007
4105,0.391
4106,0.436
4107,0.356
4108,0.606
4109,0.387
4110,0.502
4111,0.756
4112,0.624
4113,1.067
4114,0.576
4115,0.989
4116,0.726
4117,0.932
4118,0.998
4119,1.614
4120,1.969
4121,2.452
4122,2.827
4123,3.087
4124,2.798
4125,2.391
4126,1.633
4127,1.143
4128,1.148
4129,0.29
4130,0.648
4131,0.364
4132,0.403
4133,0.577
4134,0.658
4135,0.568
4136,0.682
4137,0.825
4138,0.857
4139,0.88
4140,0.788
4141,1.069
4142,1.54
4143,1.758
4144,2.194
4145,2.341
4146,2.481
4147,3.028
4148,2.776
4149,2.286
4150,1.846
4151,1.274
4152,1.052
4153,0.413
4154,0.288
4155,0.549
4156,0.37
4157,0.496
4158,0.396
4159,0.487
4160,0.753
4161,0.836
4162,0.879
4163,0.709
4164,0.516
4165,0.919
4166,1.425
4167,1.673
4168,2.133
4169,2.743
4170,2.796
4171,2.765
4172,2.788
4173,2.308
4174,1.677
4175,1.264
4176,0.962
4177,0.399
4178,0.446
4179,0.672
4180,0.351
4181,0.458
4182,0.391
4183,0.457
4184,0.653
4185,0.763
4186,0.862
4187,1.104
4188,0.689
4189,0.929
4190,1.309
4191,1.795
4192,2.232
4193,2.814
4194,2.566
4195,2.664
4196,2.76
4197,2.562
4198,1.599
4199,0.847
4200,0.978
4201,0.437
4202,0.236
4203,0.252
4204,0.257
4205,0.433
4206,0.374
4207,0.659
4208,0.313
4209,0.707
4210,0.641
4211,0.715
4212,0.72
4213,1.119
4214,1.052
4215,1.759
4216,2.298
4217,2.925
4218,2.885
4219,3.096
4220,2.586
4221,2.056
4222,1.973
4223,1.305
4224,1.073
4225,0.2
4226,0.478
4227,0.681
4228,0.466
4229,0.458
4230,0.469
4231,0.349
4232,0.945
4233,0.744
4234,0.886
4235,0.521
4236,0.628
4237,1.222
4238,1.29
4239,1.987
4240,2.224
4241,2.395
4242,3.117
4243,2.983
4244,2.982
4245,2.435
4246,1.626
4247,1.338
4248,1.23
4249,0.474
4250,0.391
4251,0.562
4252,0.434
4253,0.448
4254,0.304
4255,0.62
4256,0.897
4257,0.711
4258,1.025
4259,0.744
4260,0.676
4261,1.164
4262,1.311
4263,1.899
4264,2.213
4265,2.687
4266,3.083
4267,3.14
4268,2.599
4269,2.279
4270,2.009
4271,1.301
4272,0.827
4273,0.2
4274,0.238
4275,0.2
4276,0.388
4277,0.327
4278,0.323
4279,0.574
4280,0.796
4281,1.15
4282,0.586
4283,0.934
4284,0.959
4285,0.905
4286,1.396
4287,1.733
4288,2.305
4289,2.946
4290,3.125
4291,3.196
4292,2.854
4293,2.241
4294,1.849
4295,1.509
4296,0.68
4297,0.242
4298,0.419
4299,0.253
4300,0.284
4301,0.353
4302,0.263
4303,0.439
4304,0.847
4305,0.641
4306,0.574
4307,0.668
4308,0.927
4309,0.999
4310,1.307
4311,1.824
4312,2.035
4313,2.817
4314,3.116
4315,3.082
4316,3.09
4317,2.31
4318,2.061
4319,1.358
4320,0.863
4321,0.397
4322,0.384
4323,0.583
4324,0.241
4325,0.302
4326,0.623
4327,0.495
4328,0.877
4329,1.092
4330,0.754
4331,0.867
4332,0.648
4333,1.149
4334,1.417
4335,1.903
4336,2.22
4337,2.517
4338,3.158
4339,2.857
4340,2.911
4341,2.635
4342,1.931
4343,1.634
4344,1.071
4345,0.302
4346,0.404
4347,0.393
4348,0.2
4349,0.276
4350,0.384
4351,0.279
4352,0.749
4353,0.8
4354,0.565
4355,0.827
4356,0.932
4357,1.077
4358,1.349
4359,1.936
4360,2.438
4361,2.834
4362,2.982
4363,3.23
4364,3.157
4365,2.42
4366,2.228
4367,1.269
4368,0.926
4369,0.299
4370,0.434
4371,0.2
4372,0.321
4373,0.253
4374,0.488
4375,0.734
4376,0.839
4377,0.482
4378,1.123
4379,0.813
4380,0.712
4381,1.073
4382,1.434
4383,1.762
4384,2.385
4385,2.719
4386,3.068
4387,3.107
4388,2.782
4389,2.545
4390,2.011
4391,1.432
4392,1.048
4393,0.449
4394,0.32
4395,0.526
4396,0.2
4397,0.282
4398,0.323
4399,0.747
4400,0.884
4401,0.912
4402,0.978
4403,0.639
4404,0.885
4405,1.037
4406,1.545
4407,1.859
4408,2.315
4409,2.912
4410,3.282
4411,3.131
4412,3.005
4413,2.379
4414,1.558
4415,1.391
4416,1.02
4417,0.439
4418,0.2
4419,0.348
4420,0.2
4421,0.622
4422,0.305
4423,0.773
4424,0.884
4425,0.704
4426,0.648
4427,0.825
4428,0.71
4429,1.077
4430,1.355
4431,1.623
4432,2.056
4433,2.885
4434,3.088
4435,3.169
4436,3.136
4437,2.727
4438,1.902
4439,1.316
4440,1.007
4441,0.2
4442,0.434
4443,0.483
4444,0.505
4445,0.2
4446,0.354
4447,0.453
4448,0.758
4449,0.911
4450,1.044
4451,0.7
4452,0.765
4453,1.24
4454,1.482
4455,2.093
4456,2.451
4457,2.698
4458,2.993
4459,3.039
4460,3.148
4461,2.743
4462,2.229
4463,1.499
4464,1.11
4465,0.313
4466,0.227
4467,0.528
4468,0.465
4469,0.433
4470,0.526
4471,0.634
4472,0.935
4473,1.034
4474,0.902
4475,0.903
4476,0.92
4477,1.004
4478,1.56
4479,1.707
4480,2.582
4481,2.711
4482,3.256
4483,3.164
4484,3.148
4485,2.572
4486,1.722
4487,1.442
4488,0.852
4489,0.532
4490,0.4
4491,0.46
4492,0.259
4493,0.328
4494,0.399
4495,0.714
4496,0.995
4497,0.719
4498,0.982
4499,0.452
4500,0.667
4501,0.935
4502,1.252
4503,1.691
4504,2.502
4505,2.877
4506,3.289
4507,3.412
4508,3.121
4509,2.688
4510,1.959
4511,1.206
4512,1.101
4513,0.312
4514,0.26
4515,0.374
4516,0.266
4517,0.354
4518,0.519
4519,0.637
4520,0.608
4521,0.767
4522,0.983
4523,0.854
4524,1.161
4525,1.261
4526,1.635
4527,1.732
4528,2.57
4529,2.918
4530,3.168
4531,3.352
4532,3.238
4533,2.676
4534,1.846
4535,1.501
4536,0.849
4537,0.433
4538,0.355
4539,0.367
4540,0.518
4541,0.261
4542,0.76
4543,0.312
4544,0.654
4545,0.896
4546,0.91
4547,0.766
4548,0.844
4549,1.151
4550,1.437
4551,2.161
4552,2.596
4553,3.074
4554,3.124
4555,3.331
4556,3.066
4557,2.462
4558,2.04
4559,1.314
4560,1.046
4561,0.239
4562,0.658
4563,0.266
4564,0.436
4565,0.536
4566,0.382
4567,0.713
4568,0.559
4569,1.059
4570,0.825
4571,0.693
4572,0.81
4573,1.216
4574,1.391
4575,1.85
4576,2.451
4577,2.783
4578,3.559
4579,3.274
4580,3.249
4581,2.655
4582,1.845
4583,1.398
4584,1.068
4585,0.372
4586,0.579
4587,0.554
4588,0.541
4589,0.348
4590,0.306
4591,0.493
4592,0.773
4593,0.923
4594,0.498
4595,0.782
4596,0.882
4597,1.057
4598,1.68
4599,2.036
4600,2.694
4601,2.942
4602,3.442
4603,3.62
4604,3.335
4605,2.47
4606,1.962
4607,1.352
4608,1.027
4609,0.503
4610,0.274
4611,0.411
4612,0.2
4613,0.633
4614,0.391
4615,0.594
4616,0.697
4617,1.013
4618,0.399
4619,0.783
4620,0.845
4621,1.035
4622,1.752
4623,1.85
4624,2.626
4625,3.043
4626,3.506
4627,3.289
4628,3.04
4629,2.808
4630,2.071
4631,1.177
4632,0.875
4633,0.458
4634,0.526
4635,0.298
4636,0.2
4637,0.495
4638,0.285
4639,0.283
4640,0.319
4641,0.964
4642,0.844
4643,0.752
4644,1.071
4645,1.203
4646,1.742
4647,1.783
4648,2.517
4649,2.761
4650,3.297
4651,3.366
4652,3.256
4653,2.659
4654,2.107
4655,1.518
4656,1.281
4657,0.353
4658,0.259
4659,0.437
4660,0.282
4661,0.639
4662,0.425
4663,0.501
4664,0.673
4665,0.95
4666,0.802
4667,0.691
4668,1.115
4669,0.983
4670,1.511
4671,2.099
4672,2.288
4673,3.088
4674,3.187
4675,3.539
4676,3.029
4677,2.765
4678,2.185
4679,1.545
4680,0.998
4681,0.365
4682,0.314
4683,0.621
4684,0.298
4685,0.261
4686,0.568
4687,0.466
4688,0.601
4689,0.626
4690,0.754
4691,0.776
4692,0.904
4693,1.258
4694,1.591
4695,1.98
4696,2.514
4697,3.105
4698,3.549
4699,3.447
4700,3.113
4701,2.52
4702,1.808
4703,1.52
4704,1.049
4705,0.487
4706,0.381
4707,0.611
4708,0.33
4709,0.56
4710,0.462
4711,0.494
4712,0.833
4713,0.904
4714,0.88
4715,0.802
4716,0.864
4717,1.477
4718,1.695
4719,2.125
4720,2.57
4721,3.191
4722,3.447
4723,3.443
4724,3.147
4725,2.664
4726,1.555
4727,1.455
4728,0.891
4729,0.639
4730,0.403
4731,0.222
4732,0.395
4733,0.26
4734,0.539
4735,0.629
4736,0.888
4737,0.724
4738,0.832
4739,0.586
4740,0.976
4741,1.2
4742,1.596
4743,2.024
4744,2.624
4745,3.29
4746,3.338
4747,3.47
4748,3.039
4749,2.553
4750,2.05
4751,1.592
4752,0.928
4753,0.365
4754,0.339
4755,0.32
4756,0.447
4757,0.2
4758,0.66
4759,0.486
4760,0.852
4761,0.652
4762,0.928
4763,0.892
4764,0.93
4765,0.976
4766,1.564
4767,1.853
4768,2.532
4769,3.214
4770,3.51
4771,3.461
4772,3.064
4773,2.786
4774,2.043
4775,1.081
4776,1.085
4777,0.396
4778,0.58
4779,0.236
4780,0.2
4781,0.459
4782,0.512
4783,0.332
4784,0.597
4785,1.256
4786,0.782
4787,0.902
4788,0.777
4789,0.814
4790,1.505
4791,1.996
4792,2.518
4793,3.051
4794,3.439
4795,3.445
4796,3.028
4797,2.768
4798,1.751
4799,1.124
4800,1.08
4801,0.476
4802,0.391
4803,0.2
4804,0.297
4805,0.377
4806,0.229
4807,0.475
4808,0.842
4809,1.057
4810,0.765
4811,0.906
4812,0.588
4813,1.229
4814,1.414
4815,2.087
4816,2.547
4817,3.274
4818,3.276
4819,3.569
4820,3.182
4821,2.676
4822,2.02
4823,1.307
4824,0.968
4825,0.391
4826,0.436
4827,0.413
4828,0.523
4829,0.555
4830,0.31
4831,0.716
4832,0.566
4833,0.931
4834,0.921
4835,0.507
4836,0.891
4837,1.062
4838,1.424
4839,2.248
4840,2.492
4841,2.961
4842,3.426
4843,3.584
4844,3.208
4845,2.879
4846,2.13
4847,1.109
4848,0.892
4849,0.316
4850,0.472
4851,0.2
4852,0.785
4853,0.496
4854,0.49
4855,0.763
4856,1.096
4857,0.974
4858,0.971
4859,0.814
4860,0.857
4861,1.062
4862,1.416
4863,1.946
4864,2.392
4865,3.077
4866,3.168
4867,3.516
4868,3.229
4869,2.73
4870,1.975
4871,1.899
4872,1.176
4873,0.213
4874,0.435
4875,0.309
4876,0.251
4877,0.216
4878,0.533
4879,0.483
4880,0.889
4881,0.992
4882,1.035
4883,0.667
4884,0.95
4885,1.23
4886,1.472
4887,1.937
4888,2.841
4889,3.127
4890,3.521
4891,3.369
4892,3.056
4893,2.626
4894,2.037
4895,1.279
4896,0.972
4897,0.2
4898,0.232
4899,0.501
4900,0.493
4901,0.358
4902,0.315
4903,0.431
4904,0.688
4905,0.94
4906,0.968
4907,0.721
4908,0.706
4909,1.177
4910,1.421
4911,1.978
4912,2.802
4913,3.221
4914,3.453
4915,3.305
4916,3.273
4917,2.873
4918,2.001
4919,1.643
4920,1.168
4921,0.65
4922,0.446
4923,0.488
4924,0.615
4925,0.484
4926,0.393
4927,0.518
4928,0.78
4929,0.65
4930,0.808
4931,0.96
4932,0.551
4933,1.368
4934,1.714
4935,1.989
4936,2.687
4937,3.1
4938,3.617
4939,3.646
4940,3.034
4941,2.804
4942,2.027
4943,1.453
4944,0.865
4945,0.662
4946,0.556
4947,0.289
4948,0.203
4949,0.359
4950,0.533
4951,0.622
4952,0.932
4953,0.962
4954,0.975
4955,0.845
4956,0.672
4957,1.109
4958,1.706
4959,2.051
4960,2.683
4961,3.054
4962,3.28
4963,3.482
4964,3.292
4965,2.619
4966,2.024
4967,1.3
4968,1.142
4969,0.356
4970,0.618
4971,0.63
4972,0.391
4973,0.266
4974,0.2
4975,0.365
4976,0.538
4977,1.05
4978,0.847
4979,0.854
4980,0.548
4981,0.959
4982,1.681
4983,2.103
4984,2.586
4985,3.188
4986,3.681
4987,3.469
4988,3.257
4989,2.747
4990,2.418
4991,1.127
4992,1.077
4993,0.383
4994,0.485
4995,0.302
4996,0.395
4997,0.524
4998,0.935
4999,0.707
5000,0.617
5001,0.78
5002,0.761
5003,0.526
5004,0.831
5005,1.248
5006,1.357
5007,2.217
5008,2.681
5009,2.993
5010,3.415
5011,3.742
5012,3.357
5013,2.719
5014,2.024
5015,1.453
5016,0.898
5017,0.2
5018,0.706
5019,0.424
5020,0.463
5021,0.408
5022,0.358
5023,0.558
5024,0.504
5025,1.185
5026,0.644
5027,0.641
5028,0.815
5029,1.332
5030,1.55
5031,1.874
5032,2.796
5033,3.212
5034,3.516
5035,3.608
5036,3.605
5037,3.045
5038,1.956
5039,1.685
5040,1.032
5041,0.475
5042,0.2
5043,0.375
5044,0.281
5045,0.541
5046,0.629
5047,0.274
5048,0.741
5049,1.012
5050,0.801
5051,0.905
5052,0.933
5053,1.189
5054,1.506
5055,1.876
5056,2.438
5057,3.207
5058,3.436
5059,3.478
5060,3.181
5061,2.67
5062,2.215
5063,1.39
5064,0.773
5065,0.512
5066,0.369
5067,0.405
5068,0.644
5069,0.414
5070,0.511
5071,0.409
5072,0.711
5073,0.935
5074,0.596
5075,0.825
5076,0.895
5077,1.143
5078,1.701
5079,2.107
5080,2.826
5081,2.949
5082,3.451
5083,3.509
5084,3.082
5085,2.857
5086,2.405
5087,1.437
5088,1.049
5089,0.413
5090,0.293
5091,0.2
5092,0.297
5093,0.208
5094,0.724
5095,0.568
5096,0.692
5097,0.977
5098,0.661
5099,0.68
5100,0.89
5101,1.29
5102,1.619
5103,2.092
5104,2.613
5105,3.154
5106,3.457
5107,3.338
5108,3.246
5109,2.55
5110,2.067
5111,1.366
5112,1.354
5113,0.394
5114,0.2
5115,0.38
5116,0.481
5117,0.668
5118,0.38
5119,0.348
5120,0.867
5121,0.636
5122,0.763
5123,0.756
5124,0.868
5125,1.238
5126,1.439
5127,2.01
5128,2.595
5129,3.112
5130,3.437
5131,3.553
5132,3.361
5133,2.767
5134,2.121
5135,1.2
5136,0.98
5137,0.472
5138,0.509
5139,0.296
5140,0.304
5141,0.331
5142,0.548
5143,0.741
5144,0.683
5145,0.979
5146,0.847
5147,0.775
5148,0.846
5149,1.245
5150,1.588
5151,2.389
5152,2.464
5153,3.162
5154,3.337
5155,3.352
5156,3.228
5157,2.725
5158,2.488
5159,1.408
5160,0.802
5161,0.441
5162,0.2
5163,0.387
5164,0.405
5165,0.536
5166,0.614
5167,0.51
5168,0.722
5169,0.728
5170,0.659
5171,0.84
5172,0.685
5173,1.069
5174,1.387
5175,2.126
5176,2.857
5177,2.883
5178,3.131
5179,3.457
5180,3.227
5181,2.733
5182,1.98
5183,1.403
5184,1.025
5185,0.556
5186,0.2
5187,0.345
5188,0.435
5189,0.279
5190,0.728
5191,0.49
5192,0.738
5193,0.926
5194,0.739
5195,0.516
5196,0.811
5197,1.283
5198,1.482
5199,1.912
5200,2.719
5201,3.021
5202,3.325
5203,3.491
5204,3.333
5205,3.052
5206,2.167
5207,1.605
5208,0.893
5209,0.246
5210,0.409
5211,0.416
5212,0.241
5213,0.391
5214,0.528
5215,0.64
5216,0.82
5217,0.887
5218,0.752
5219,0.715
5220,0.694
5221,1.394
5222,1.531
5223,1.999
5224,2.434
5225,3.503
5226,3.232
5227,3.396
5228,3.273
5229,2.779
5230,2.183
5231,1.7
5232,1.043
5233,0.242
5234,0.361
5235,0.447
5236,0.713
5237,0.207
5238,0.648
5239,0.612
5240,0.87
5241,0.827
5242,0.701
5243,0.904
5244,0.97
5245,1.27
5246,1.523
5247,1.937
5248,2.332
5249,3.176
5250,3.447
5251,3.306
5252,3.122
5253,2.613
5254,1.812
5255,1.303
5256,0.795
5257,0.338
5258,0.289
5259,0.2
5260,0.706
5261,0.605
5262,0.351
5263,0.626
5264,0.807
5265,1.021
5266,0.704
5267,0.954
5268,0.788
5269,0.921
5270,1.629
5271,2.214
5272,2.945
5273,2.863
5274,3.477
5275,3.379
5276,3.311
5277,2.456
5278,1.841
5279,1.306
5280,0.976
5281,0.304
5282,0.499
5283,0.554
5284,0.493
5285,0.66
5286,0.53
5287,0.403
5288,0.948
5289,0.752
5290,0.963
5291,1.026
5292,0.937
5293,0.893
5294,1.377
5295,2.211
5296,2.522
5297,3.044
5298,3.475
5299,3.534
5300,3.226
5301,2.638
5302,1.978
5303,1.548
5304,1.045
5305,0.361
5306,0.562
5307,0.381
5308,0.275
5309,0.303
5310,0.321
5311,0.545
5312,0.929
5313,0.721
5314,0.854
5315,0.69
5316,0.828
5317,0.888
5318,1.476
5319,1.976
5320,2.618
5321,3.054
5322,3.169
5323,3.58
5324,3.206
5325,2.691
5326,2.018
5327,1.338
5328,0.992
5329,0.471
5330,0.2
5331,0.32
5332,0.365
5333,0.455
5334,0.647
5335,0.47
5336,0.669
5337,0.765
5338,0.705
5339,0.735
5340,0.98
5341,0.952
5342,1.568
5343,1.741
5344,2.442
5345,2.958
5346,3.586
5347,3.364
5348,2.833
5349,2.352
5350,2.018
5351,1.504
5352,1.014
5353,0.425
5354,0.574
5355,0.319
5356,0.537
5357,0.2
5358,0.332
5359,0.314
5360,0.702
5361,0.835
5362,0.842
5363,0.795
5364,0.723
5365,1.078
5366,1.272
5367,2.192
5368,2.469
5369,2.921
5370,3.559
5371,3.205
5372,2.982
5373,2.479
5374,1.996
5375,1.472
5376,1.066
5377,0.786
5378,0.2
5379,0.492
5380,0.319
5381,0.329
5382,0.375
5383,0.449
5384,0.996
5385,0.968
5386,0.828
5387,0.987
5388,0.633
5389,0.902
5390,1.164
5391,1.873
5392,2.527
5393,2.995
5394,3.328
5395,3.165
5396,3.259
5397,2.669
5398,2.11
5399,1.119
5400,0.999
5401,0.222
5402,0.34
5403,0.48
5404,0.416
5405,0.289
5406,0.469
5407,0.356
5408,0.916
5409,0.81
5410,0.991
5411,0.704
5412,0.779
5413,0.983
5414,1.615
5415,1.862
5416,2.586
5417,2.907
5418,2.993
5419,3.276
5420,2.949
5421,2.628
5422,1.814
5423,1.537
5424,0.936
5425,0.373
5426,0.498
5427,0.545
5428,0.4
5429,0.301
5430,0.202
5431,0.482
5432,0.651
5433,0.857
5434,0.771
5435,0.885
5436,0.762
5437,1.084
5438,1.653
5439,2.009
5440,2.467
5441,2.858
5442,3.178
5443,3.218
5444,3.031
5445,2.726
5446,1.952
5447,1.191
5448,1.212
5449,0.448
5450,0.2
5451,0.334
5452,0.419
5453,0.672
5454,0.302
5455,0.732
5456,0.953
5457,0.746
5458,0.781
5459,0.625
5460,0.821
5461,1.082
5462,1.567
5463,2.11
5464,2.349
5465,2.637
5466,3.252
5467,3.373
5468,3.135
5469,2.552
5470,1.996
5471,1.616
5472,1.001
5473,0.344
5474,0.325
5475,0.375
5476,0.648
5477,0.389
5478,0.465
5479,0.513
5480,0.908
5481,1.134
5482,0.889
5483,0.791
5484,0.854
5485,0.725
5486,1.572
5487,1.955
5488,2.511
5489,2.808
5490,3.179
5491,3.25
5492,3.236
5493,2.533
5494,2.281
5495,1.448
5496,0.75
5497,0.381
5498,0.302
5499,0.2
5500,0.643
5501,0.522
5502,0.548
5503,0.61
5504,0.536
5505,0.767
5506,0.947
5507,0.62
5508,0.466
5509,1.043
5510,1.43
5511,1.943
5512,2.54
5513,2.992
5514,3.257
5515,3.473
5516,2.839
5517,2.653
5518,2.054
5519,1.192
5520,0.712
5521,0.288
5522,0.301
5523,0.513
5524,0.311
5525,0.288
5526,0.376
5527,0.753
5528,0.745
5529,0.813
5530,0.803
5531,0.969
5532,0.73
5533,1.269
5534,1.474
5535,1.886
5536,2.79
5537,2.719
5538,3.145
5539,3.09
5540,3.193
5541,2.818
5542,2.202
5543,1.556
5544,0.905
5545,0.345
5546,0.2
5547,0.706
5548,0.473
5549,0.343
5550,0.667
5551,0.439
5552,0.804
5553,0.813
5554,0.915
5555,0.764
5556,0.621
5557,1.077
5558,1.59
5559,1.892
5560,2.514
5561,2.701
5562,3.174
5563,3.161
5564,3.146
5565,2.556
5566,2.045
5567,1.529
5568,1.035
5569,0.441
5570,0.25
5571,0.4
5572,0.323
5573,0.365
5574,0.412
5575,0.438
5576,0.449
5577,0.739
5578,0.847
5579,0.57
5580,0.838
5581,1.345
5582,1.577
5583,2.13
5584,2.439
5585,3.013
5586,3.048
5587,3.138
5588,2.605
5589,2.716
5590,2.163
5591,1.277
5592,0.889
5593,0.287
5594,0.457
5595,0.569
5596,0.2
5597,0.478
5598,0.426
5599,0.602
5600,0.811
5601,0.81
5602,0.802
5603,0.738
5604,0.977
5605,1.116
5606,1.447
5607,1.679
5608,2.306
5609,2.952
5610,3.14
5611,3.313
5612,3.263
5613,2.679
5614,1.936
5615,1.277
5616,0.541
5617,0.375
5618,0.351
5619,0.459
5620,0.38
5621,0.369
5622,0.201
5623,0.444
5624,0.814
5625,1.095
5626,0.802
5627,0.817
5628,0.971
5629,0.925
5630,1.459
5631,1.744
5632,2.474
5633,2.818
5634,3.156
5635,3.075
5636,3.085
5637,2.822
5638,1.761
5639,1.296
5640,0.955
5641,0.518
5642,0.316
5643,0.2
5644,0.607
5645,0.531
5646,0.206
5647,0.494
5648,0.977
5649,1.055
5650,0.956
5651,0.74
5652,0.837
5653,1.021
5654,1.563
5655,1.709
5656,2.204
5657,2.925
5658,3.082
5659,3.377
5660,2.86
5661,2.486
5662,1.763
5663,1.342
5664,0.694
5665,0.327
5666,0.2
5667,0.504
5668,0.51
5669,0.2
5670,0.668
5671,0.959
5672,0.749
5673,0.741
5674,1.238
5675,0.566
5676,0.823
5677,1.06
5678,1.584
5679,1.879
5680,2.231
5681,2.608
5682,3.013
5683,2.996
5684,2.948
5685,2.394
5686,1.667
5687,1.522
5688,0.838
5689,0.21
5690,0.375
5691,0.411
5692,0.2
5693,0.467
5694,0.311
5695,0.841
5696,0.82
5697,0.777
5698,0.702
5699,0.746
5700,0.908
5701,1.023
5702,1.339
5703,1.818
5704,2.195
5705,2.676
5706,2.727
5707,3.27
5708,2.966
5709,2.347
5710,2.164
5711,1.34
5712,0.753
5713,0.529
5714,0.46
5715,0.46
5716,0.339
5717,0.484
5718,0.428
5719,0.668
5720,0.456
5721,0.771
5722,1.071
5723,0.645
5724,0.722
5725,0.952
5726,1.178
5727,1.462
5728,2.231
5729,2.724
5730,3.007
5731,3.078
5732,2.907
5733,2.601
5734,1.84
5735,1.233
5736,0.862
5737,0.487
5738,0.612
5739,0.306
5740,0.418
5741,0.468
5742,0.319
5743,0.588
5744,0.522
5745,0.571
5746,0.867
5747,0.7
5748,0.838
5749,1.009
5750,1.203
5751,1.77
5752,2.059
5753,2.888
5754,2.786
5755,3.047
5756,2.723
5757,2.517
5758,1.807
5759,1.234
5760,1.028
5761,0.404
5762,0.478
5763,0.253
5764,0.2
5765,0.433
5766,0.42
5767,0.679
5768,0.729
5769,0.866
5770,0.567
5771,1.039
5772,0.779
5773,1.109
5774,1.212
5775,1.807
5776,2.028
5777,2.722
5778,2.91
5779,3.056
5780,2.963
5781,2.23
5782,1.742
5783,1.373
5784,1.21
5785,0.379
5786,0.489
5787,0.384
5788,0.694
5789,0.2
5790,0.482
5791,0.341
5792,0.365
5793,0.88
5794,0.83
5795,0.711
5796,0.783
5797,1.462
5798,1.287
5799,1.82
5800,2.104
5801,2.674
5802,2.901
5803,2.964
5804,3.109
5805,2.574
5806,1.854
5807,0.951
5808,0.837
5809,0.805
5810,0.365
5811,0.566
5812,0.619
5813,0.45
5814,0.341
5815,0.219
5816,0.843
5817,0.712
5818,0.835
5819,0.564
5820,0.755
5821,0.994
5822,1.354
5823,1.559
5824,2.359
5825,2.514
5826,2.659
5827,2.984
5828,2.819
5829,2.404
5830,2.025
5831,1.254
5832,0.869
5833,0.235
5834,0.523
5835,0.428
5836,0.34
5837,0.2
5838,0.684
5839,0.4
5840,0.652
5841,0.888
5842,0.628
5843,0.525
5844,0.472
5845,1.09
5846,1.219
5847,2.148
5848,2.008
5849,2.44
5850,2.798
5851,3.011
5852,2.721
5853,2.455
5854,1.662
5855,1.074
5856,0.612
5857,0.2
5858,0.322
5859,0.355
5860,0.308
5861,0.603
5862,0.652
5863,0.534
5864,0.471
5865,0.749
5866,0.716
5867,0.648
5868,0.681
5869,0.876
5870,1.231
5871,1.596
5872,2.166
5873,2.606
5874,2.718
5875,3.139
5876,2.622
5877,2.102
5878,1.853
5879,1.151
5880,0.926
5881,0.2
5882,0.609
5883,0.501
5884,0.2
5885,0.2
5886,0.718
5887,0.474
5888,0.615
5889,0.493
5890,0.752
5891,0.71
5892,0.888
5893,0.756
5894,1.048
5895,1.741
5896,2.262
5897,2.289
5898,2.989
5899,2.927
5900,2.91
5901,2.317
5902,1.405
5903,1.242
5904,1.032
5905,0.266
5906,0.342
5907,0.374
5908,0.2
5909,0.667
5910,0.332
5911,0.66
5912,0.727
5913,1.021
5914,0.865
5915,0.706
5916,0.642
5917,1.077
5918,0.982
5919,1.753
5920,1.923
5921,2.686
5922,2.823
5923,2.991
5924,2.735
5925,2.046
5926,1.642
5927,1.358
5928,0.893
5929,0.577
5930,0.461
5931,0.255
5932,0.283
5933,0.432
5934,0.2
5935,0.835
5936,0.806
5937,1.016
5938,0.566
5939,0.926
5940,1.106
5941,0.751
5942,1.366
5943,1.638
5944,1.833
5945,2.544
5946,2.895
5947,2.777
5948,2.874
5949,2.041
5950,1.534
5951,1.269
5952,0.867
5953,0.293
5954,0.521
5955,0.48
5956,0.532
5957,0.398
5958,0.558
5959,0.517
5960,1.048
5961,0.71
5962,1.117
5963,0.742
5964,0.561
5965,1.146
5966,1.256
5967,1.747
5968,2.224
5969,2.494
5970,2.652
5971,2.986
5972,2.675
5973,2.375
5974,1.422
5975,1.308
5976,0.763
5977,0.648
5978,0.493
5979,0.436
5980,0.476
5981,0.267
5982,0.711
5983,0.883
5984,0.798
5985,1.07
5986,0.715
5987,0.614
5988,0.768
5989,0.998
5990,1.165
5991,1.681
5992,2.063
5993,2.265
5994,2.789
5995,2.941
5996,2.677
5997,2.426
5998,1.549
5999,1.302
6000,0.678
6001,0.233
6002,0.305
6003,0.259
6004,0.321
6005,0.385
6006,0.593
6007,0.536
6008,0.501
6009,1.002
6010,0.674
6011,0.723
6012,0.824
6013,0.954
6014,1.375
6015,1.653
6016,1.864
6017,2.714
6018,2.711
6019,2.761
6020,2.772
6021,2.272
6022,1.778
6023,1.597
6024,0.808
6025,0.352
6026,0.418
6027,0.561
6028,0.2
6029,0.2
6030,0.379
6031,0.339
6032,0.675
6033,0.905
6034,0.664
6035,0.515
6036,0.763
6037,1.045
6038,0.944
6039,1.686
6040,2.091
6041,2.502
6042,2.835
6043,3.085
6044,2.55
6045,2.232
6046,1.643
6047,1.215
6048,1.074
6049,0.2
6050,0.271
6051,0.607
6052,0.556
6053,0.362
6054,0.596
6055,0.635
6056,0.964
6057,0.841
6058,0.951
6059,1.123
6060,0.837
6061,0.915
6062,1.293
6063,1.489
6064,2.302
6065,2.357
6066,2.581
6067,2.601
6068,2.743
6069,2.327
6070,1.617
6071,1.293
6072,0.613
6073,0.428
6074,0.468
6075,0.656
6076,0.287
6077,0.225
6078,0.333
6079,0.383
6080,0.939
6081,1.061
6082,0.843
6083,0.907
6084,0.763
6085,0.884
6086,1.121
6087,1.478
6088,1.687
6089,2.341
6090,2.586
6091,2.81
6092,2.568
6093,2.153
6094,1.547
6095,1.209
6096,0.945
6097,0.229
6098,0.413
6099,0.435
6100,0.295
6101,0.328
6102,0.502
6103,0.414
6104,0.791
6105,0.694
6106,0.954
6107,1.072
6108,0.608
6109,0.97
6110,1.048
6111,1.661
6112,1.705
6113,2.345
6114,2.431
6115,2.638
6116,2.375
6117,2.282
6118,1.539
6119,1.272
6120,0.777
6121,0.383
6122,0.422
6123,0.286
6124,0.434
6125,0.646
6126,0.351
6127,0.759
6128,0.963
6129,0.706
6130,0.575
6131,0.764
6132,0.65
6133,1.162
6134,1.149
6135,1.366
6136,1.698
6137,2.408
6138,2.446
6139,2.647
6140,2.648
6141,2.066
6142,1.644
6143,1.178
6144,0.927
6145,0.489
6146,0.367
6147,0.41
6148,0.347
6149,0.2
6150,0.506
6151,0.867
6152,0.606
6153,0.712
6154,0.661
6155,0.825
6156,0.795
6157,0.849
6158,0.993
6159,1.481
6160,1.611
6161,2.237
6162,2.633
6163,2.424
6164,2.25
6165,2.357
6166,1.546
6167,1.342
6168,0.796
6169,0.376
6170,0.466
6171,0.268
6172,0.423
6173,0.359
6174,0.269
6175,0.634
6176,0.698
6177,0.803
6178,0.609
6179,0.952
6180,0.854
6181,1.009
6182,1.071
6183,1.188
6184,2.114
6185,2.178
6186,2.359
6187,2.646
6188,2.63
6189,2.097
6190,1.816
6191,1.326
6192,0.653
6193,0.299
6194,0.544
6195,0.2
6196,0.38
6197,0.202
6198,0.396
6199,0.538
6200,0.684
6201,0.744
6202,0.625
6203,1.054
6204,0.998
6205,0.681
6206,1.34
6207,1.368
6208,1.815
6209,2.149
6210,2.342
6211,2.702
6212,2.449
6213,2.01
6214,1.415
6215,1.021
6216,0.563
6217,0.402
6218,0.221
6219,0.36
6220,0.608
6221,0.597
6222,0.462
6223,0.57
6224,1.019
6225,0.904
6226,0.739
6227,0.494
6228,0.772
6229,0.971
6230,0.995
6231,1.452
6232,1.716
6233,2.102
6234,2.038
6235,2.492
6236,2.551
6237,1.967
6238,1.604
6239,1.033
6240,0.858
6241,0.368
6242,0.259
6243,0.6
6244,0.542
6245,0.326
6246,0.542
6247,0.664
6248,0.834
6249,0.571
6250,0.938
6251,0.62
6252,0.654
6253,1.234
6254,1.121
6255,1.331
6256,1.415
6257,2.309
6258,2.179
6259,2.346
6260,2.331
6261,2.255
6262,1.699
6263,1.114
6264,0.845
6265,0.31
6266,0.421
6267,0.411
6268,0.548
6269,0.562
6270,0.541
6271,0.529
6272,0.848
6273,0.811
6274,0.623
6275,0.642
6276,0.715
6277,0.966
6278,1.035
6279,1.189
6280,1.73
6281,2.089
6282,2.378
6283,2.606
6284,2.509
6285,1.934
6286,1.477
6287,0.973
6288,0.899
6289,0.617
6290,0.353
6291,0.364
6292,0.623
6293,0.492
6294,0.533
6295,0.404
6296,0.839
6297,0.685
6298,0.614
6299,0.648
6300,0.61
6301,0.787
6302,0.833
6303,1.495
6304,1.866
6305,1.751
6306,2.467
6307,2.318
6308,2.46
6309,1.994
6310,1.56
6311,1.092
6312,0.971
6313,0.214
6314,0.491
6315,0.566
6316,0.51
6317,0.765
6318,0.388
6319,0.727
6320,0.721
6321,1.009
6322,0.782
6323,0.639
6324,0.888
6325,0.738
6326,0.823
6327,1.254
6328,1.765
6329,2.223
6330,2.307
6331,2.608
6332,2.103
6333,1.918
6334,1.499
6335,1.094
6336,0.797
6337,0.504
6338,0.333
6339,0.421
6340,0.396
6341,0.278
6342,0.45
6343,0.561
6344,0.712
6345,0.828
6346,0.793
6347,0.63
6348,0.878
6349,0.628
6350,0.914
6351,1.73
6352,1.492
6353,1.783
6354,2.37
6355,2.071
6356,2.247
6357,2.288
6358,1.297
6359,0.806
6360,0.554
6361,0.535
6362,0.569
6363,0.323
6364,0.505
6365,0.625
6366,0.735
6367,0.546
6368,0.391
6369,0.7
6370,0.717
6371,0.654
6372,0.654
6373,0.963
6374,1.199
6375,1.268
6376,1.788
6377,2.011
6378,2.24
6379,2.49
6380,2.268
6381,2.255
6382,1.3
6383,1.017
6384,0.755
6385,0.466
6386,0.59
6387,0.397
6388,0.2
6389,0.543
6390,0.58
6391,0.291
6392,0.736
6393,0.584
6394,0.68
6395,0.554
6396,0.799
6397,0.804
6398,0.802
6399,1.407
6400,1.384
6401,1.979
6402,2.079
6403,2.271
6404,2.309
6405,2.006
6406,1.703
6407,1.073
6408,0.815
6409,0.334
6410,0.427
6411,0.466
6412,0.388
6413,0.2
6414,0.517
6415,0.637
6416,0.634
6417,0.629
6418,1.0
6419,0.761
6420,0.638
6421,0.607
6422,0.858
6423,1.451
6424,1.595
6425,1.819
6426,2.248
6427,2.175
6428,2.434
6429,2.112
6430,1.419
6431,0.983
6432,0.372
6433,0.2
6434,0.2
6435,0.421
6436,0.354
6437,0.215
6438,0.425
6439,0.658
6440,0.815
6441,0.536
6442,0.758
6443,0.477
6444,0.803
6445,0.887
6446,0.834
6447,1.122
6448,1.482
6449,1.536
6450,2.193
6451,2.229
6452,2.331
6453,1.726
6454,1.383
6455,0.843
6456,0.609
6457,0.223
6458,0.549
6459,0.296
6460,0.421
6461,0.359
6462,0.277
6463,0.557
6464,0.825
6465,0.64
6466,0.897
6467,0.555
6468,0.591
6469,0.841
6470,0.856
6471,1.224
6472,1.48
6473,1.865
6474,1.756
6475,1.968
6476,2.254
6477,2.028
6478,1.326
6479,1.024
6480,0.799
6481,0.504
6482,0.2
6483,0.267
6484,0.353
6485,0.522
6486,0.842
6487,0.548
6488,0.524
6489,0.881
6490,0.973
6491,0.696
6492,0.522
6493,0.897
6494,1.042
6495,1.046
6496,1.561
6497,1.968
6498,2.262
6499,2.205
6500,2.084
6501,2.038
6502,1.268
6503,1.118
6504,0.545
6505,0.56
6506,0.361
6507,0.591
6508,0.476
6509,0.233
6510,0.681
6511,0.815
6512,0.867
6513,0.705
6514,0.728
6515,0.699
6516,0.548
6517,0.999
6518,0.951
6519,0.777
6520,1.531
6521,1.739
6522,2.045
6523,2.132
6524,2.236
6525,2.003
6526,1.48
6527,0.993
6528,0.739
6529,0.403
6530,0.28
6531,0.487
6532,0.472
6533,0.648
6534,0.655
6535,0.479
6536,0.858
6537,0.677
6538,0.877
6539,0.597
6540,0.496
6541,0.779
6542,0.516
6543,0.901
6544,1.43
6545,1.777
6546,1.972
6547,1.924
6548,1.969
6549,1.876
6550,1.512
6551,1.034
6552,0.914
6553,0.46
6554,0.288
6555,0.358
6556,0.2
6557,0.4
6558,0.634
6559,0.685
6560,0.945
6561,0.773
6562,0.973
6563,0.643
6564,0.865
6565,0.725
6566,1.011
6567,1.368
6568,1.405
6569,1.771
6570,2.193
6571,2.114
6572,1.871
6573,2.121
6574,1.342
6575,1.052
6576,0.91
6577,0.309
6578,0.249
6579,0.438
6580,0.2
6581,0.373
6582,0.504
6583,0.542
6584,0.503
6585,1.057
6586,0.786
6587,0.885
6588,0.601
6589,0.589
6590,0.932
6591,1.096
6592,1.235
6593,1.932
6594,1.879
6595,1.832
6596,2.245
6597,1.706
6598,1.308
6599,0.756
6600,0.993
6601,0.207
6602,0.409
6603,0.537
6604,0.466
6605,0.408
6606,0.212
6607,0.461
6608,0.763
6609,0.7
6610,0.8
6611,0.77
6612,0.78
6613,0.529
6614,1.209
6615,1.226
6616,1.389
6617,1.849
6618,2.3
6619,1.866
6620,1.99
6621,1.408
6622,1.416
6623,1.067
6624,0.721
6625,0.302
6626,0.2
6627,0.456
6628,0.621
6629,0.328
6630,0.533
6631,0.347
6632,0.803
6633,0.758
6634,0.654
6635,0.551
6636,0.572
6637,0.762
6638,0.671
6639,1.034
6640,1.361
6641,1.495
6642,2.187
6643,1.928
6644,1.901
6645,1.601
6646,1.645
6647,1.088
6648,0.582
6649,0.566
6650,0.43
6651,0.439
6652,0.351
6653,0.304
6654,0.518
6655,0.5
6656,1.007
6657,0.626
6658,0.997
6659,0.646
6660,0.671
6661,0.822
6662,0.761
6663,1.207
6664,0.939
6665,1.527
6666,1.752
6667,1.843
6668,1.948
6669,1.788
6670,1.469
6671,1.033
6672,0.618
6673,0.455
6674,0.419
6675,0.541
6676,0.519
6677,0.421
6678,0.332
6679,0.484
6680,0.651
6681,0.769
6682,0.806
6683,0.768
6684,0.614
6685,0.692
6686,0.865
6687,0.983
6688,1.185
6689,1.346
6690,1.76
6691,2.077
6692,1.853
6693,1.678
6694,1.421
6695,1.068
6696,0.552
6697,0.55
6698,0.569
6699,0.231
6700,0.279
6701,0.595
6702,0.445
6703,0.249
6704,0.524
6705,0.778
6706,0.59
6707,0.596
6708,0.623
6709,0.902
6710,0.788
6711,1.204
6712,1.517
6713,1.8
6714,1.881
6715,1.687
6716,2.006
6717,1.855
6718,1.328
6719,1.244
6720,0.839
6721,0.485
6722,0.563
6723,0.45
6724,0.2
6725,0.342
6726,0.646
6727,0.461
6728,0.7
6729,0.659
6730,1.031
6731,0.909
6732,0.481
6733,0.697
6734,0.718
6735,1.119
6736,1.358
6737,1.682
6738,1.863
6739,2.397
6740,1.762
6741,1.424
6742,1.269
6743,0.74
6744,0.482
6745,0.25
6746,0.262
6747,0.257
6748,0.48
6749,0.341
6750,0.44
6751,0.716
6752,0.618
6753,0.775
6754,0.817
6755,0.363
6756,0.252
6757,0.72
6758,0.883
6759,1.321
6760,1.284
6761,1.659
6762,1.759
6763,1.978
6764,2.146
6765,1.346
6766,1.379
6767,1.288
6768,0.744
6769,0.648
6770,0.306
6771,0.396
6772,0.408
6773,0.2
6774,0.292
6775,0.417
6776,0.856
6777,0.945
6778,0.81
6779,0.776
6780,0.581
6781,0.841
6782,0.799
6783,1.004
6784,1.2
6785,1.615
6786,1.7
6787,2.056
6788,1.706
6789,1.484
6790,1.409
6791,0.947
6792,0.629
6793,0.534
6794,0.309
6795,0.37
6796,0.613
6797,0.647
6798,0.703
6799,0.539
6800,0.918
6801,0.672
6802,0.625
6803,0.297
6804,0.852
6805,0.524
6806,0.768
6807,0.843
6808,1.325
6809,1.433
6810,1.543
6811,1.953
6812,1.64
6813,1.508
6814,0.979
6815,0.74
6816,0.72
6817,0.2
6818,0.2
6819,0.4
6820,0.321
6821,0.715
6822,0.742
6823,0.451
6824,0.816
6825,0.926
6826,0.67
6827,0.423
6828,0.595
6829,0.621
6830,0.711
6831,1.031
6832,1.088
6833,1.294
6834,1.731
6835,1.921
6836,1.659
6837,1.758
6838,1.019
6839,0.86
6840,0.651
6841,0.305
6842,0.315
6843,0.681
6844,0.275
6845,0.783
6846,0.532
6847,0.595
6848,0.804
6849,1.193
6850,0.61
6851,0.478
6852,0.48
6853,0.645
6854,0.507
6855,0.953
6856,1.435
6857,1.467
6858,1.647
6859,1.748
6860,1.951
6861,1.48
6862,1.551
6863,1.23
6864,0.724
6865,0.398
6866,0.555
6867,0.565
6868,0.282
6869,0.337
6870,0.268
6871,0.643
6872,0.832
6873,0.61
6874,0.689
6875,0.442
6876,0.455
6877,0.716
6878,0.645
6879,0.889
6880,0.918
6881,1.45
6882,1.661
6883,1.71
6884,1.769
6885,1.616
6886,1.141
6887,0.712
6888,0.952
6889,0.305
6890,0.386
6891,0.552
6892,0.932
6893,0.23
6894,0.534
6895,0.475
6896,0.652
6897,0.704
6898,0.588
6899,0.636
6900,0.364
6901,0.769
6902,0.753
6903,0.983
6904,1.074
6905,1.346
6906,1.688
6907,1.623
6908,1.725
6909,1.445
6910,1.12
6911,0.611
6912,0.879
6913,0.297
6914,0.575
6915,0.561
6916,0.21
6917,0.253
6918,0.851
6919,0.844
6920,0.727
6921,0.851
6922,0.661
6923,0.705
6924,0.474
6925,0.315
6926,0.537
6927,0.909
6928,0.956
6929,1.369
6930,1.462
6931,1.659
6932,1.889
6933,1.597
6934,1.242
6935,1.053
6936,0.746
6937,0.617
6938,0.331
6939,0.336
6940,0.208
6941,0.352
6942,0.611
6943,0.776
6944,0.876
6945,0.543
6946,0.917
6947,0.362
6948,0.713
6949,0.559
6950,0.83
6951,0.692
6952,1.283
6953,1.139
6954,1.501
6955,1.606
6956,1.48
6957,1.56
6958,1.504
6959,1.315
6960,0.685
6961,0.568
6962,0.435
6963,0.475
6964,0.351
6965,0.446
6966,0.547
6967,0.495
6968,0.72
6969,0.803
6970,0.878
6971,0.476
6972,0.567
6973,0.895
6974,0.89
6975,1.08
6976,1.094
6977,1.386
6978,1.73
6979,1.969
6980,1.433
6981,1.335
6982,1.42
6983,0.867
6984,0.566
6985,0.212
6986,0.317
6987,0.2
6988,0.716
6989,0.413
6990,0.458
6991,0.669
6992,0.876
6993,0.953
6994,0.914
6995,0.54
6996,0.527
6997,0.717
6998,0.627
6999,0.864
7000,1.132
7001,1.436
7002,1.292
7003,1.822
7004,1.673
7005,1.625
7006,1.331
7007,1.144
7008,0.867
7009,0.602
7010,0.617
7011,0.444
7012,0.408
7013,0.547
7014,0.576
7015,0.535
7016,0.792
7017,0.805
7018,0.624
7019,0.826
7020,0.576
7021,0.903
7022,0.453
7023,0.768
7024,1.061
7025,1.469
7026,1.598
7027,1.742
7028,1.522
7029,1.333
7030,1.254
7031,0.692
7032,0.58
7033,0.475
7034,0.253
7035,0.641
7036,0.586
7037,0.2
7038,0.327
7039,0.238
7040,0.614
7041,0.925
7042,0.689
7043,0.7
7044,0.336
7045,0.71
7046,0.604
7047,0.84
7048,1.025
7049,1.089
7050,1.345
7051,1.822
7052,1.735
7053,1.651
7054,1.245
7055,0.912
7056,0.398
7057,0.359
7058,0.396
7059,0.693
7060,0.506
7061,0.647
7062,0.556
7063,0.474
7064,0.749
7065,0.845
7066,0.61
7067,0.571
7068,0.53
7069,0.825
7070,0.367
7071,1.007
7072,0.883
7073,1.055
7074,1.675
7075,1.768
7076,1.847
7077,1.601
7078,1.496
7079,0.969
7080,0.63
7081,0.451
7082,0.587
7083,0.283
7084,0.305
7085,0.37
7086,0.2
7087,0.602
7088,0.448
7089,0.818
7090,0.88
7091,0.556
7092,0.81
7093,0.36
7094,0.849
7095,0.915
7096,0.75
7097,1.649
7098,1.47
7099,1.508
7100,1.432
7101,1.436
7102,1.16
7103,0.895
7104,0.606
7105,0.495
7106,0.342
7107,0.2
7108,0.38
7109,0.2
7110,0.52
7111,0.434
7112,0.756
7113,1.006
7114,0.607
7115,0.785
7116,0.49
7117,0.837
7118,0.607
7119,0.676
7120,1.095
7121,1.159
7122,1.334
7123,1.55
7124,1.621
7125,1.658
7126,0.88
7127,0.878
7128,0.741
7129,0.429
7130,0.597
7131,0.389
7132,0.375
7133,0.505
7134,0.481
7135,0.522
7136,0.808
7137,0.711
7138,0.657
7139,0.545
7140,0.755
7141,0.2
7142,0.713
7143,0.795
7144,0.725
7145,1.254
7146,1.514
7147,1.693
7148,1.215
7149,1.65
7150,1.052
7151,0.972
7152,0.756
7153,0.268
7154,0.499
7155,0.342
7156,0.2
7157,0.592
7158,0.35
7159,0.453
7160,0.67
7161,0.849
7162,0.739
7163,0.705
7164,0.348
7165,0.452
7166,0.628
7167,1.063
7168,0.945
7169,1.353
7170,1.43
7171,1.515
7172,1.561
7173,1.408
7174,1.245
7175,1.07
7176,0.695
7177,0.578
7178,0.255
7179,0.338
7180,0.294
7181,0.464
7182,0.413
7183,0.69
7184,0.591
7185,0.815
7186,0.85
7187,0.311
7188,0.864
7189,0.516
7190,0.334
7191,0.791
7192,0.953
7193,1.161
7194,1.556
7195,1.683
7196,1.629
7197,1.49
7198,1.131
7199,1.125
7200,0.417
7201,0.421
7202,0.41
7203,0.522
7204,0.276
7205,0.2
7206,0.49
7207,0.623
7208,0.954
7209,0.617
7210,0.919
7211,0.975
7212,0.486
7213,0.36
7214,0.569
7215,0.759
7216,1.019
7217,1.069
7218,1.623
7219,1.388
7220,1.309
7221,1.578
7222,0.798
7223,0.824
7224,1.103
7225,0.398
7226,0.232
7227,0.392
7228,0.395
7229,0.44
7230,0.566
7231,0.425
7232,0.984
7233,0.844
7234,0.855
7235,0.524
7236,0.733
7237,0.51
7238,0.664
7239,0.606
7240,0.771
7241,1.245
7242,1.307
7243,1.411
7244,1.46
7245,1.506
7246,1.037
7247,0.832
7248,0.635
7249,0.2
7250,0.2
7251,0.451
7252,0.292
7253,0.575
7254,0.611
7255,0.689
7256,1.003
7257,0.795
7258,0.842
7259,0.529
7260,0.906
7261,0.841
7262,0.617
7263,0.794
7264,1.111
7265,1.104
7266,1.259
7267,1.655
7268,1.555
7269,1.419
7270,0.999
7271,0.587
7272,0.666
7273,0.536
7274,0.366
7275,0.616
7276,0.297
7277,0.258
7278,0.456
7279,0.568
7280,0.846
7281,0.691
7282,0.949
7283,0.91
7284,0.529
7285,0.727
7286,0.449
7287,0.887
7288,1.052
7289,1.241
7290,1.339
7291,1.066
7292,1.435
7293,1.287
7294,0.971
7295,0.859
7296,0.565
7297,0.276
7298,0.241
7299,0.293
7300,0.571
7301,0.317
7302,0.389
7303,0.512
7304,0.781
7305,0.875
7306,0.287
7307,0.767
7308,0.748
7309,0.377
7310,0.455
7311,0.648
7312,0.769
7313,1.131
7314,1.034
7315,1.327
7316,1.749
7317,1.232
7318,1.297
7319,0.889
7320,0.354
7321,0.495
7322,0.382
7323,0.332
7324,0.439
7325,0.488
7326,0.573
7327,0.757
7328,0.791
7329,0.6
7330,0.672
7331,1.054
7332,0.639
7333,0.886
7334,0.804
7335,0.743
7336,0.915
7337,1.077
7338,1.051
7339,1.483
7340,1.688
7341,1.272
7342,1.166
7343,0.96
7344,0.486
7345,0.332
7346,0.247
7347,0.277
7348,0.21
7349,0.281
7350,0.679
7351,0.443
7352,0.749
7353,0.731
7354,0.919
7355,0.808
7356,0.657
7357,0.572
7358,0.553
7359,0.518
7360,1.149
7361,0.955
7362,1.397
7363,1.626
7364,1.411
7365,1.509
7366,1.212
7367,1.087
7368,0.55
7369,0.207
7370,0.324
7371,0.432
7372,0.411
7373,0.357
7374,0.2
7375,0.651
7376,1.026
7377,0.876
7378,0.833
7379,0.696
7380,0.585
7381,0.662
7382,0.641
7383,0.641
7384,0.727
7385,1.018
7386,1.33
7387,1.406
7388,1.53
7389,1.41
7390,1.216
7391,1.016
7392,0.63
7393,0.204
7394,0.348
7395,0.407
7396,0.2
7397,0.625
7398,0.488
7399,0.638
7400,0.935
7401,0.711
7402,0.827
7403,0.593
7404,0.495
7405,0.403
7406,0.825
7407,0.623
7408,0.94
7409,0.762
7410,1.447
7411,1.598
7412,1.487
7413,1.301
7414,1.145
7415,1.163
7416,0.352
7417,0.517
7418,0.263
7419,0.397
7420,0.366
7421,0.352
7422,0.465
7423,0.41
7424,0.884
7425,0.537
7426,0.822
7427,0.559
7428,0.345
7429,0.545
7430,0.336
7431,0.677
7432,0.611
7433,1.099
7434,1.118
7435,1.36
7436,1.505
7437,1.211
7438,1.07
7439,0.589
7440,0.709
7441,0.665
7442,0.819
7443,0.414
7444,0.521
7445,0.2
7446,0.692
7447,0.697
7448,0.657
7449,0.991
7450,0.702
7451,0.538
7452,0.59
7453,0.352
7454,0.717
7455,0.505
7456,0.657
7457,0.882
7458,1.358
7459,1.323
7460,1.249
7461,1.228
7462,1.069
7463,0.635
7464,0.439
7465,0.717
7466,0.271
7467,0.352
7468,0.348
7469,0.353
7470,0.56
7471,0.723
7472,0.684
7473,0.62
7474,0.931
7475,0.591
7476,0.776
7477,0.2
7478,0.587
7479,0.943
7480,0.751
7481,0.972
7482,1.276
7483,1.32
7484,1.394
7485,1.26
7486,0.974
7487,0.993
7488,0.679
7489,0.438
7490,0.521
7491,0.361
7492,0.287
7493,0.326
7494,0.467
7495,0.422
7496,0.654
7497,0.728
7498,1.058
7499,0.2
7500,0.488
7501,0.763
7502,0.571
7503,0.76
7504,0.809
7505,0.895
7506,0.883
7507,1.423
7508,1.315
7509,1.183
7510,0.988
7511,1.067
7512,0.969
7513,0.433
7514,0.33
7515,0.224
7516,0.473
7517,0.684
7518,0.429
7519,0.224
7520,0.83
7521,0.953
7522,0.501
7523,0.63
7524,0.58
7525,0.49
7526,0.429
7527,0.792
7528,0.724
7529,0.761
7530,0.9
7531,1.571
7532,1.514
7533,1.309
7534,0.991
7535,0.723
7536,0.445
7537,0.335
7538,0.2
7539,0.29
7540,0.356
7541,0.508
7542,0.46
7543,0.7
7544,0.932
7545,0.963
7546,0.809
7547,0.604
7548,0.364
7549,0.608
7550,0.794
7551,0.684
7552,1.063
7553,0.744
7554,1.023
7555,1.499
7556,1.452
7557,1.486
7558,1.05
7559,0.669
7560,0.572
7561,0.2
7562,0.231
7563,0.546
7564,0.534
7565,0.471
7566,0.208
7567,0.527
7568,0.545
7569,0.981
7570,0.65
7571,0.439
7572,0.514
7573,0.398
7574,0.76
7575,0.515
7576,0.556
7577,0.64
7578,1.181
7579,1.276
7580,1.189
7581,1.46
7582,1.148
7583,0.792
7584,0.807
7585,0.499
7586,0.277
7587,0.244
7588,0.525
7589,0.476
7590,0.492
7591,0.453
7592,0.82
7593,0.691
7594,0.722
7595,0.818
7596,0.408
7597,0.255
7598,0.375
7599,0.768
7600,0.796
7601,0.933
7602,1.099
7603,1.423
7604,1.267
7605,1.321
7606,0.933
7607,0.658
7608,0.505
7609,0.344
7610,0.393
7611,0.436
7612,0.2
7613,0.295
7614,0.408
7615,0.806
7616,0.567
7617,0.828
7618,0.961
7619,0.403
7620,0.565
7621,0.368
7622,0.452
7623,0.492
7624,0.64
7625,1.351
7626,1.291
7627,1.506
7628,1.46
7629,1.028
7630,1.097
7631,0.951
7632,0.471
7633,0.545
7634,0.506
7635,0.678
7636,0.34
7637,0.252
7638,0.412
7639,0.796
7640,0.455
7641,0.494
7642,0.75
7643,0.533
7644,0.505
7645,0.627
7646,0.441
7647,0.325
7648,1.048
7649,0.784
7650,0.996
7651,1.497
7652,1.321
7653,1.253
7654,1.106
7655,0.95
7656,0.547
7657,0.628
7658,0.2
7659,0.514
7660,0.277
7661,0.622
7662,0.488
7663,0.479
7664,0.828
7665,0.938
7666,0.832
7667,0.444
7668,0.43
7669,0.482
7670,0.513
7671,0.713
7672,0.431
7673,0.975
7674,1.102
7675,1.197
7676,1.259
7677,1.224
7678,0.489
7679,0.679
7680,0.464
7681,0.48
7682,0.279
7683,0.368
7684,0.634
7685,0.566
7686,0.602
7687,0.505
7688,0.81
7689,0.768
7690,0.706
7691,0.659
7692,0.411
7693,0.704
7694,0.491
7695,0.687
7696,0.944
7697,1.071
7698,0.925
7699,1.381
7700,1.491
7701,1.384
7702,0.858
7703,0.683
7704,0.743
7705,0.286
7706,0.355
7707,0.637
7708,0.396
7709,0.307
7710,0.335
7711,0.63
7712,0.529
7713,0.766
7714,0.785
7715,0.792
7716,0.6
7717,0.37
7718,0.688
7719,0.544
7720,0.533
7721,0.882
7722,1.343
7723,1.33
7724,1.358
7725,1.491
7726,0.807
7727,0.587
7728,0.35
7729,0.456
7730,0.425
7731,0.632
7732,0.439
7733,0.356
7734,0.467
7735,0.598
7736,0.478
7737,1.21
7738,0.813
7739,0.627
7740,0.59
7741,0.582
7742,0.486
7743,0.488
7744,0.802
7745,0.957
7746,0.997
7747,1.51
7748,1.393
7749,1.349
7750,1.227
7751,0.78
7752,0.639
7753,0.522
7754,0.291
7755,0.408
7756,0.422
7757,0.273
7758,0.814
7759,0.369
7760,0.534
7761,1.0
7762,0.842
7763,0.441
7764,0.588
7765,0.693
7766,0.499
7767,0.968
7768,0.446
7769,0.996
7770,1.286
7771,1.423
7772,1.312
7773,1.191
7774,1.081
7775,0.897
7776,0.68
7777,0.556
7778,0.247
7779,0.366
7780,0.262
7781,0.358
7782,0.619
7783,0.596
7784,1.12
7785,0.832
7786,0.743
7787,0.61
7788,0.4
7789,0.462
7790,0.669
7791,0.59
7792,0.579
7793,0.745
7794,1.035
7795,1.293
7796,1.515
7797,1.028
7798,0.963
7799,0.794
7800,0.314
7801,0.275
7802,0.298
7803,0.281
7804,0.431
7805,0.392
7806,0.383
7807,0.644
7808,0.987
7809,1.049
7810,0.446
7811,0.68
7812,0.467
7813,0.492
7814,0.437
7815,0.586
7816,0.715
7817,0.79
7818,0.961
7819,1.207
7820,1.365
7821,1.314
7822,1.135
7823,0.696
7824,0.63
7825,0.544
7826,0.575
7827,0.391
7828,0.37
7829,0.445
7830,0.294
7831,0.551
7832,0.84
7833,0.899
7834,0.693
7835,0.626
7836,0.369
7837,0.572
7838,0.482
7839,0.522
7840,0.632
7841,0.86
7842,1.021
7843,1.367
7844,1.264
7845,1.459
7846,1.224
7847,0.635
7848,0.597
7849,0.302
7850,0.351
7851,0.701
7852,0.357
7853,0.47
7854,0.547
7855,0.43
7856,0.6
7857,0.622
7858,0.601
7859,0.2
7860,0.573
7861,0.772
7862,0.512
7863,0.346
7864,0.584
7865,0.794
7866,0.928
7867,1.39
7868,1.439
7869,1.042
7870,1.109
7871,0.995
7872,0.871
7873,0.83
7874,0.265
7875,0.824
7876,0.35
7877,0.327
7878,0.515
7879,0.493
7880,0.788
7881,0.604
7882,0.697
7883,0.785
7884,0.482
7885,0.483
7886,0.558
7887,0.73
7888,0.427
7889,0.944
7890,1.034
7891,1.28
7892,1.471
7893,1.032
7894,0.846
7895,0.474
7896,0.502
7897,0.6
7898,0.382
7899,0.2
7900,0.33
7901,0.2
7902,0.297
7903,0.638
7904,0.552
7905,0.969
7906,0.722
7907,0.604
7908,0.448
7909,0.576
7910,0.602
7911,0.6
7912,0.754
7913,0.819
7914,1.149
7915,1.198
7916,1.307
7917,1.166
7918,0.926
7919,0.659
7920,0.653
7921,0.597
7922,0.576
7923,0.212
7924,0.596
7925,0.369
7926,0.556
7927,0.444
7928,0.75
7929,0.849
7930,0.51
7931,0.682
7932,0.69
7933,0.432
7934,0.685
7935,0.518
7936,0.792
7937,0.512
7938,1.424
7939,1.467
7940,1.259
7941,0.907
7942,1.035
7943,0.544
7944,0.649
7945,0.462
7946,0.259
7947,0.568
7948,0.524
7949,0.563
7950,0.468
7951,0.368
7952,0.875
7953,0.762
7954,0.524
7955,0.793
7956,0.802
7957,0.451
7958,0.802
7959,0.556
7960,0.602
7961,0.744
7962,1.301
7963,1.12
7964,1.407
7965,1.115
7966,0.92
7967,0.914
7968,0.524
7969,0.339
7970,0.57
7971,0.64
7972,0.499
7973,0.318
7974,0.39
7975,0.592
7976,0.776
7977,0.654
7978,0.841
7979,0.603
7980,0.229
7981,0.316
7982,0.4
7983,0.528
7984,0.938
7985,0.869
7986,0.923
7987,1.265
7988,1.24
7989,1.244
7990,1.074
7991,0.939
7992,0.576
7993,0.646
7994,0.536
7995,0.294
7996,0.734
7997,0.465
7998,0.341
7999,0.828
8000,1.04
8001,0.797
8002,0.656
8003,0.564
8004,0.593
8005,0.645
8006,0.559
8007,0.55
8008,0.875
8009,0.781
8010,1.199
8011,1.183
8012,1.353
8013,1.175
8014,0.976
8015,0.699
8016,0.781
8017,0.29
8018,0.289
8019,0.718
8020,0.549
8021,0.2
8022,0.381
8023,0.308
8024,0.586
8025,0.331
8026,0.711
8027,0.418
8028,0.494
8029,0.208
8030,0.483
8031,0.47
8032,0.871
8033,1.035
8034,1.157
8035,1.172
8036,1.581
8037,0.956
8038,0.771
8039,0.742
8040,0.916
8041,0.37
8042,0.373
8043,0.2
8044,0.545
8045,0.559
8046,0.585
8047,0.486
8048,0.622
8049,0.608
8050,0.744
8051,0.426
8052,0.307
8053,0.387
8054,0.395
8055,0.448
8056,0.712
8057,0.83
8058,0.99
8059,1.244
8060,1.131
8061,1.201
8062,1.002
8063,0.527
8064,0.727
8065,0.268
8066,0.414
8067,0.575
8068,0.542
8069,0.421
8070,0.412
8071,0.722
8072,0.829
8073,0.709
8074,0.612
8075,0.277
8076,0.506
8077,0.437
8078,0.637
8079,0.579
8080,0.838
8081,0.709
8082,1.2
8083,1.132
8084,1.392
8085,0.964
8086,1.013
8087,0.454
8088,0.537
8089,0.466
8090,0.322
8091,0.243
8092,0.53
8093,0.401
8094,0.393
8095,0.586
8096,1.124
8097,0.975
8098,0.906
8099,0.653
8100,0.507
8101,0.2
8102,0.363
8103,0.45
8104,0.353
8105,0.635
8106,0.727
8107,1.202
8108,1.394
8109,1.346
8110,1.038
8111,0.606
8112,0.286
8113,0.2
8114,0.21
8115,0.267
8116,0.379
8117,0.264
8118,0.517
8119,0.545
8120,0.73
8121,0.973
8122,0.554
8123,0.65
8124,0.479
8125,0.396
8126,0.595
8127,0.651
8128,0.488
8129,0.778
8130,1.062
8131,1.162
8132,1.356
8133,1.219
8134,1.248
8135,0.519
8136,0.557
8137,0.264
8138,0.491
8139,0.2
8140,0.455
8141,0.322
8142,0.356
8143,0.363
8144,0.658
8145,0.964
8146,0.727
8147,0.681
8148,0.73
8149,0.485
8150,0.377
8151,0.587
8152,0.545
8153,0.725
8154,0.787
8155,1.338
8156,1.207
8157,1.201
8158,0.816
8159,0.813
8160,0.46
8161,0.379
8162,0.532
8163,0.519
8164,0.399
8165,0.2
8166,0.915
8167,0.842
8168,0.836
8169,0.688
8170,0.714
8171,0.505
8172,0.67
8173,0.483
8174,0.341
8175,0.444
8176,0.792
8177,1.037
8178,1.241
8179,1.309
8180,1.223
8181,0.685
8182,1.014
8183,0.746
8184,0.595
8185,0.408
8186,0.201
8187,0.484
8188,0.498
8189,0.519
8190,0.608
8191,0.671
8192,0.666
8193,0.791
8194,0.744
8195,0.602
8196,0.629
8197,0.539
8198,0.768
8199,0.843
8200,0.632
8201,0.218
8202,1.193
8203,1.11
8204,1.138
8205,1.109
8206,0.901
8207,0.837
8208,0.339
8209,0.238
8210,0.451
8211,0.494
8212,0.499
8213,0.298
8214,0.319
8215,0.504
8216,0.764
8217,1.024
8218,0.423
8219,0.553
8220,0.279
8221,0.2
8222,0.6
8223,0.591
8224,0.684
8225,0.928
8226,0.932
8227,1.123
8228,1.583
8229,1.13
8230,1.077
8231,0.745
8232,0.295
8233,0.2
8234,0.313
8235,0.559
8236,0.521
8237,0.553
8238,0.318
8239,0.822
8240,0.583
8241,0.833
8242,0.729
8243,0.56
8244,0.679
8245,0.335
8246,0.251
8247,0.51
8248,0.554
8249,1.293
8250,1.102
8251,1.123
8252,1.094
8253,0.882
8254,0.811
8255,0.761
8256,0.786
8257,0.568
8258,0.434
8259,0.352
8260,0.443
8261,0.339
8262,0.724
8263,0.551
8264,0.715
8265,0.469
8266,0.701
8267,0.711
8268,0.317
8269,0.327
8270,0.571
8271,0.283
8272,0.77
8273,0.703
8274,0.939
8275,1.013
8276,1.306
8277,1.531
8278,1.08
8279,0.613
8280,0.742
8281,0.352
8282,0.606
8283,0.521
8284,0.2
8285,0.266
8286,0.608
8287,0.603
8288,0.574
8289,0.706
8290,0.444
8291,0.572
8292,0.809
8293,0.56
8294,0.779
8295,0.635
8296,0.763
8297,1.076
8298,1.05
8299,1.15
8300,1.402
8301,1.378
8302,0.89
8303,0.633
8304,0.592
8305,0.525
8306,0.52
8307,0.2
8308,0.689
8309,0.32
8310,0.426
8311,0.444
8312,1.133
8313,0.837
8314,0.602
8315,0.714
8316,0.592
8317,0.41
8318,0.575
8319,0.377
8320,0.532
8321,0.475
8322,0.792
8323,1.447
8324,1.49
8325,1.168
8326,1.21
8327,0.717
8328,0.534
8329,0.408
8330,0.381
8331,0.368
8332,0.574
8333,0.439
8334,0.573
8335,0.735
8336,0.786
8337,0.655
8338,0.527
8339,0.607
8340,0.45
8341,0.45
8342,0.445
8343,0.886
8344,0.404
8345,0.476
8346,1.037
8347,1.116
8348,1.289
8349,1.244
8350,1.152
8351,0.514
8352,0.486
8353,0.464
8354,0.516
8355,0.729
8356,0.546
8357,0.408
8358,0.333
8359,0.495
8360,0.639
8361,0.899
8362,0.768
8363,0.386
8364,0.41
8365,0.568
8366,0.499
8367,0.582
8368,0.659
8369,1.016
8370,1.02
8371,1.112
8372,1.102
8373,1.192
8374,0.592
8375,0.711
8376,0.539
8377,0.2
8378,0.261
8379,0.522
8380,0.437
8381,0.432
8382,0.512
8383,0.594
8384,0.914
8385,0.819
8386,0.511
8387,0.829
8388,0.531
8389,0.347
8390,0.257
8391,0.555
8392,0.582
8393,1.005
8394,0.93
8395,1.042
8396,1.372
8397,1.292
8398,0.982
8399,0.84
8400,0.563
8401,0.435
8402,0.575
8403,0.494
8404,0.377
8405,0.619
8406,0.2
8407,0.888
8408,0.472
8409,0.707
8410,0.723
8411,0.562
8412,0.626
8413,0.276
8414,0.483
8415,0.407
8416,0.641
8417,0.757
8418,0.994
8419,1.083
8420,1.159
8421,1.194
8422,1.097
8423,0.648
8424,0.438
8425,0.492
8426,0.395
8427,0.525
8428,0.267
8429,0.2
8430,0.386
8431,0.465
8432,0.716
8433,0.705
8434,0.84
8435,0.54
8436,0.497
8437,0.458
8438,0.472
8439,0.489
8440,0.672
8441,0.645
8442,1.187
8443,1.127
8444,1.037
8445,1.178
8446,0.827
8447,0.837
8448,0.9
8449,0.282
8450,0.45
8451,0.2
8452,0.471
8453,0.283
8454,0.372
8455,0.415
8456,0.838
8457,0.952
8458,0.733
8459,0.454
8460,0.712
8461,0.321
8462,0.2
8463,0.56
8464,0.428
8465,0.91
8466,0.918
8467,1.251
8468,1.442
8469,0.967
8470,0.869
8471,0.725
8472,0.798
8473,0.301
8474,0.311
8475,0.472
8476,0.316
8477,0.439
8478,0.233
8479,0.912
8480,0.526
8481,0.752
8482,0.724
8483,0.87
8484,0.275
8485,0.73
8486,0.555
8487,0.552
8488,0.444
8489,0.846
8490,0.864
8491,1.349
8492,1.084
8493,1.13
8494,0.869
8495,0.587
8496,0.679
8497,0.48
8498,0.581
8499,0.2
8500,0.562
8501,0.792
8502,0.398
8503,0.864
8504,0.688
8505,0.595
8506,0.683
8507,0.74
8508,0.347
8509,0.342
8510,0.529
8511,0.489
8512,0.678
8513,0.794
8514,1.043
8515,1.092
8516,1.263
8517,1.007
8518,1.145
8519,0.64
8520,0.736
8521,0.365
8522,0.43
8523,0.326
8524,0.25
8525,0.2
8526,0.308
8527,0.531
8528,0.759
8529,0.952
8530,0.662
8531,0.451
8532,0.256
8533,0.504
8534,0.647
8535,0.677
8536,0.695
8537,0.852
8538,1.223
8539,1.204
8540,1.323
8541,1.096
8542,0.746
8543,0.632
8544,0.565
8545,0.409
8546,0.689
8547,0.412
8548,0.58
8549,0.351
8550,0.419
8551,0.38
8552,0.616
8553,0.88
8554,0.73
8555,0.724
8556,0.5
8557,0.378
8558,0.761
8559,0.472
8560,0.761
8561,0.694
8562,1.073
8563,1.292
8564,1.256
8565,0.79
8566,0.953
8567,0.918
8568,0.646
8569,0.467
8570,0.2
8571,0.292
8572,0.464
8573,0.478
8574,0.648
8575,0.558
8576,0.789
8577,0.803
8578,0.581
8579,0.244
8580,0.537
8581,0.457
8582,0.345
8583,0.242
8584,0.68
8585,0.713
8586,1.049
8587,1.431
8588,0.902
8589,1.037
8590,0.918
8591,0.952
8592,0.321
8593,0.69
8594,0.42
8595,0.386
8596,0.373
8597,0.351
8598,0.623
8599,0.42
8600,0.779
8601,0.743
8602,0.614
8603,0.97
8604,0.535
8605,0.522
8606,0.608
8607,0.27
8608,0.847
8609,0.375
8610,0.848
8611,1.081
8612,1.309
8613,1.174
8614,0.923
8615,0.731
8616,0.419
8617,0.2
8618,0.509
8619,0.504
8620,0.64
8621,0.298
8622,0.57
8623,0.537
8624,0.906
8625,0.954
8626,0.76
8627,0.531
8628,0.616
8629,0.527
8630,0.333
8631,0.283
8632,0.539
8633,0.977
8634,1.134
8635,0.981
8636,1.046
8637,1.331
8638,0.777
8639,0.809
8640,0.473
8641,0.643
8642,0.284
8643,0.572
8644,0.43
8645,0.454
8646,0.2
8647,0.249
8648,0.695
8649,0.837
8650,0.56
8651,0.419
8652,0.556
8653,0.514
8654,0.415
8655,0.598
8656,0.405
8657,0.695
8658,1.207
8659,1.157
8660,1.239
8661,1.485
8662,0.737
8663,0.852
8664,0.815
8665,0.351
8666,0.529
8667,0.253
8668,0.3
8669,0.474
8670,0.586
8671,0.748
8672,0.963
8673,0.79
8674,0.908
8675,0.531
8676,0.607
8677,0.46
8678,0.502
8679,0.544
8680,0.339
8681,0.578
8682,0.974
8683,0.892
8684,1.343
8685,1.269
8686,0.995
8687,0.563
8688,0.772
8689,0.706
8690,0.422
8691,0.477
8692,0.433
8693,0.496
8694,0.448
8695,0.575
8696,0.863
8697,1.152
8698,0.518
8699,0.566
8700,0.294
8701,0.667
8702,0.346
8703,0.263
8704,0.675
8705,1.007
8706,1.057
8707,1.175
8708,1.279
8709,1.35
8710,0.815
8711,0.714
8712,0.497
8713,0.225
8714,0.351
8715,0.566
8716,0.488
8717,0.513
8718,0.488
8719,0.658
8720,0.608
8721,0.754
8722,0.757
8723,0.623
8724,0.519
8725,0.407
8726,0.377
8727,0.952
8728,0.714
8729,0.806
8730,0.921
8731,1.075
8732,1.197
8733,1.18
8734,0.663
8735,0.496
8736,0.469
8737,0.431
8738,0.364
8739,0.622
8740,0.2
8741,0.304
8742,0.694
8743,0.599
8744,0.86
8745,1.108
8746,0.624
8747,0.567
8748,0.43
8749,0.2
8750,0.387
8751,0.61
8752,0.658
8753,0.836
8754,0.899
8755,1.043
8756,1.406
8757,1.061
8758,0.989
8759,0.755
8760,0.784
